,airdate,season,episode,theme,technical,technical time (min),technical_id,search_baseline_avg,search_post_air_avg,search_lift_pct,r_baking_baseline_share,r_baking_post_air_share,r_baking_zero_baseline_flag,r_baking_lift,r_baking_lift_diff,r_baking_post_count,r_bakeoff_baseline_share,r_bakeoff_post_air_share,r_bakeoff_lift_diff,r_bakeoff_post_count,reddit_raw_post_count,is_historical_bake
0,8/17/2010,1,1,cake,victoria sandwich,,gbbo_s01_e01,25.97,53.75,107.0,0.0,0.0,True,,0.0,8.0,,,,,,False
1,8/24/2010,1,2,biscuit,scones,60.0,gbbo_s01_e02,10.73,46.25,330.9,0.0,0.0,True,,0.0,20.0,,,,,,False
2,8/31/2010,1,3,bread,cob,150.0,gbbo_s01_e03,,,,,,,,,,,,,,,False
3,9/7/2010,1,4,pudding,mini hot lemon soufflés,40.0,gbbo_s01_e04,,,,,,,,,,,,,,,False
4,9/14/2010,1,5,pastry,cornish pasties,90.0,gbbo_s01_e05,,,,0.0,0.0,True,,0.0,5.0,,,,,,False
5,9/21/2010,1,6,final,nan,,gbbo_s01_e06,,,,,,,,,,,,,,,False
6,8/16/2011,2,1,cake,coffee and walnut battenberg,120.0,gbbo_s02_e01,,,,0.0,0.0,True,,0.0,1.0,,,,,,False
7,8/23/2011,2,2,tarts,tarte au citron,90.0,gbbo_s02_e02,,,,0.0,0.0,True,,0.0,12.0,,,,,,False
8,8/30/2011,2,3,bread,focaccia,210.0,gbbo_s02_e03,0.0,12.5,inf,0.0,0.0,True,,0.0,79.0,,,,,,False
9,9/6/2011,2,4,biscuit,brandy snaps,90.0,gbbo_s02_e04,,,,0.0,0.0,True,,0.0,1.0,,,,,,False
10,9/13/2011,2,5,pies,miniature pork pies,150.0,gbbo_s02_e05,0.0,12.5,inf,,,,,,,,,,,,True
11,9/20/2011,2,6,desserts,chocolate roulade,105.0,gbbo_s02_e06,,,,0.0,0.0,True,,0.0,6.0,,,,,,False
12,9/27/2011,2,7,pâtisserie,iced fingers,,gbbo_s02_e07,,,,,,,,,,,,,,,False
13,10/4/2011,2,8,final,sachertorte,160.0,gbbo_s02_e08,,,,0.0,0.0,True,,0.0,9.0,,,,,,False
14,8/14/2012,3,1,cake,rum babas,180.0,gbbo_s03_e01,,,,,,,,,,,,,,,False
15,8/21/2012,3,2,bread,eight-strand plaited loaf,120.0,gbbo_s03_e02,,,,0.0,0.0,True,,0.0,1.0,,,,,,False
16,8/28/2012,3,3,tarts,treacle tart,120.0,gbbo_s03_e03,0.0,23.88,inf,0.0,0.0,True,,0.0,1.0,,,,,,True
17,9/4/2012,3,4,desserts,crème caramel,165.0,gbbo_s03_e04,,,,0.0,0.0,True,,0.0,10.0,,,,,,False
18,9/11/2012,3,5,pies,hand-raised pie,135.0,gbbo_s03_e05,,,,,,,,,,,,,,,False
19,9/18/2012,3,6,pudding,queen of puddings,,gbbo_s03_e06,0.0,12.5,inf,0.0,0.0,True,,0.0,1.0,,,,,,True
20,9/25/2012,3,7,sweet dough,jam doughnuts,150.0,gbbo_s03_e07,,,,,,,,,,,,,,,False
21,10/2/2012,3,8,biscuit,chocolate teacakes,120.0,gbbo_s03_e08,,,,0.0,0.0,True,,0.0,96.0,,,,,,False
22,10/9/2012,3,9,pâtisserie,frasier cake,150.0,gbbo_s03_e09,,,,0.0,0.0,True,,0.0,31.0,,,,,,False
23,10/16/2012,3,10,final,fondant fancies,150.0,gbbo_s03_e10,0.0,28.38,inf,0.0,0.0,True,,0.0,4.0,,,,,,True
24,8/20/2013,4,1,cake,angel food cake,150.0,gbbo_s04_e01,,,,0.0,0.0,True,,0.0,47.0,,,,,,False
25,8/27/2013,4,2,bread,english muffins,165.0,gbbo_s04_e02,,,,0.0,0.0,True,,0.0,34.0,,,,,,False
26,9/3/2013,4,3,desserts,floating islands,90.0,gbbo_s04_e03,,,,,,,,,,,,,,,False
27,9/10/2013,4,4,pies and tarts,egg custard tarts,120.0,gbbo_s04_e04,,,,0.0,0.0,True,,0.0,3.0,,,,,,False
28,9/17/2013,4,5,biscuits and traybakes,tuiles,90.0,gbbo_s04_e05,,,,,,,,,,,,,,,False
29,9/24/2013,4,6,sweet dough,apricot couronne,165.0,gbbo_s04_e06,,,,0.0,0.0,True,,0.0,4.0,,,,,,False
30,10/1/2013,4,7,pastry,religieuses,120.0,gbbo_s04_e07,,,,,,,,,,,,,,,False
31,10/8/2013,4,8,alternative ingredients,hazelnut dacquoise,165.0,gbbo_s04_e08,,,,0.0,0.0,True,,0.0,3.0,,,,,,False
32,10/15/2013,4,9,french week,charlotte royale,150.0,gbbo_s04_e09,,,,0.0,0.0,True,,0.0,3.0,,,,,,False
33,10/22/2013,4,10,final,savory and sweet pretzels,150.0,gbbo_s04_e10,,,,,,,,,,,,,,,False
34,8/6/2014,5,1,cake,cherry cake,120.0,gbbo_s05_e01,,,,0.0,0.0,True,,0.0,8.0,,,,,,False
35,8/13/2014,5,2,biscuit,florentines,105.0,gbbo_s05_e02,0.0,25.88,inf,0.0,0.0,True,,0.0,5.0,,,,,,True
36,8/20/2014,5,3,bread,ciabattas,180.0,gbbo_s05_e03,,,,0.0,0.0,True,,0.0,2.0,,,,,,False
37,8/27/2014,5,4,dessert,tiramisu cake,150.0,gbbo_s05_e04,,,,0.0,0.0,True,,0.0,44.0,0.0,0.0,0.0,1.0,45.0,False
38,9/3/2014,5,5,pies and tarts,mini pear pies,120.0,gbbo_s05_e05,,,,0.0,0.0,True,,0.0,2.0,,,,,,False
39,9/10/2014,5,6,european cakes,prinsesstårta,135.0,gbbo_s05_e06,,,,0.0,0.0,True,,0.0,2.0,,,,,,False
40,9/17/2014,5,7,pastry,kougin-amann,210.0,gbbo_s05_e07,,,,0.0,0.0,True,,0.0,5.0,,,,,,False
41,9/24/2014,5,8,advanced dough,povitica,150.0,gbbo_s05_e08,,,,,,,,,,,,,,,False
42,10/1/2014,5,9,pâtisserie,schichttorte,120.0,gbbo_s05_e09,,,,0.0,0.0,True,,0.0,1.0,,,,,,False
43,10/8/2014,5,10,final,"mini victoria sandwiches, mini tarte au citron, mini scones",120.0,gbbo_s05_e10,,,,,,,,,,,,,,,False
44,8/5/2015,6,1,cake,frosted walnut layer cake,105.0,gbbo_s06_e01,,,,,,,,,,,,,,,False
45,8/12/2015,6,2,biscuit,arlettes,150.0,gbbo_s06_e02,,,,0.0,0.0,True,,0.0,1.0,,,,,,False
46,8/19/2015,6,3,bread,baguettes,150.0,gbbo_s06_e03,,,,0.0,0.0,True,,0.0,17.0,,,,,,False
47,8/26/2015,6,4,dessert,spanische windtorte,240.0,gbbo_s06_e04,,,,,,,,,,,,,,,False
48,9/2/2015,6,5,alternative ingredients,gluten-free pita bread,120.0,gbbo_s06_e05,,,,0.0,0.0,True,,0.0,1.0,,,,,,False
49,9/9/2015,6,6,pastry,flaounes,120.0,gbbo_s06_e06,,,,,,,,,,,,,,,False
50,9/16/2015,6,7,victorian,tennis cake,180.0,gbbo_s06_e07,,,,,,,,,,,,,,,False
51,9/23/2015,6,8,pâtisserie,mokatines,120.0,gbbo_s06_e08,,,,,,,,,,,,,,,False
52,9/30/2015,6,9,chocolate,chocolate soufflé,75.0,gbbo_s06_e09,,,,0.0,0.0,True,,0.0,35.0,,,,,,False
53,10/7/2015,6,10,final,mille-feuille,120.0,gbbo_s06_e10,,,,0.0,0.0,True,,0.0,11.0,,,,,,False
54,8/24/2016,7,1,cake,jaffa cakes,,gbbo_s07_e01,,,,,,,,,,,,,,,False
55,8/31/2016,7,2,biscuit,viennese whirls,90.0,gbbo_s07_e02,,,,0.0,0.0,True,,0.0,12.0,0.0,0.0214285714285714,0.0214285714285714,2.0,14.0,False
56,9/7/2016,7,3,bread,dampfnudel,120.0,gbbo_s07_e03,,,,,,,,,,0.0,0.0158730158730158,0.0158730158730158,2.0,,False
57,9/14/2016,7,4,batter,heart-shaped lace pancakes,60.0,gbbo_s07_e04,,,,0.0,0.0,True,,0.0,1.0,,,,,,False
58,9/21/2016,7,5,pastry,bakewell tart,150.0,gbbo_s07_e05,,,,0.0,0.0,True,,0.0,18.0,,,,,,False
59,9/28/2016,7,6,botanical,herb fougasse,,gbbo_s07_e06,,,,,,,,,,,,,,,False
60,10/5/2016,7,7,desserts,marjolaine/dacquoise,180.0,gbbo_s07_e07,,,,,,,,,,,,,,,False
61,10/12/2016,7,8,tudor,jumbles,90.0,gbbo_s07_e08,,,,,,,,,,0.0,0.0277777777777777,0.0277777777777777,1.0,,False
62,10/19/2016,7,9,pâtisserie,savarin,150.0,gbbo_s07_e09,,,,,,,,,,,,,,,False
63,10/26/2016,7,10,final,victoria sandwich (without a recipe),90.0,gbbo_s07_e10,,,,,,,,,,,,,,,False
64,8/29/2017,8,1,cake,chocolate mini rolls,120.0,gbbo_s08_e01,,,,0.0,0.0,True,,0.0,2.0,,,,,,False
65,9/5/2017,8,2,biscuit,fortune cookies,120.0,gbbo_s08_e02,,,,0.0,0.0,True,,0.0,8.0,,,,,,False
66,9/12/2017,8,3,bread,cottage loaf,150.0,gbbo_s08_e03,,,,0.0,0.0,True,,0.0,1.0,,,,,,False
67,9/19/2017,8,4,caramel,stroopwafels,105.0,gbbo_s08_e04,,,,0.0,0.0,True,,0.0,3.0,,,,,,False
68,9/26/2017,8,5,pudding,molten chocolate puddings,60.0,gbbo_s08_e05,,,,0.0,0.0,True,,0.0,1.0,,,,,,False
69,10/3/2017,8,6,pastry,pastéis de nata,120.0,gbbo_s08_e06,,,,0.0,0.0,True,,0.0,21.0,,,,,,False
70,10/10/2017,8,7,italian,pizza margherita,90.0,gbbo_s08_e07,,,,0.0005376344086021,0.0,False,0.0,-0.0005376344086021,0.0,,,,,,False
71,10/17/2017,8,8,forgotten bakes,cumberland rum nicky,90.0,gbbo_s08_e08,,,,,,,,,,,,,,,False
72,10/24/2017,8,9,pâtisserie,les misérables slices,180.0,gbbo_s08_e09,,,,,,,,,,,,,,,False
73,10/31/2017,8,10,final,ginger biscuits,150.0,gbbo_s08_e10,2.53,12.5,393.4,0.0,0.0,True,,0.0,5.0,,,,,,False
74,8/28/2018,9,1,biscuit,wagon wheels,135.0,gbbo_s09_e01,0.0,22.12,inf,,,,,,,,,,,,True
75,9/4/2018,9,2,cake,le gateau vert,135.0,gbbo_s09_e02,,,,,,,,,,,,,,,False
76,9/11/2018,9,3,bread,non-yeasted garlic naan,60.0,gbbo_s09_e03,,,,,,,,,,,,,,,False
77,9/18/2018,9,4,desserts,raspberry blancmange with langues du chat biscuits,150.0,gbbo_s09_e04,0.0,17.5,inf,,,,,,,,,,,,True
78,9/25/2018,9,5,spice,ma'amoul,90.0,gbbo_s09_e05,,,,,,,,,,,,,,,False
79,10/2/2018,9,6,pastry,puits d'amour,120.0,gbbo_s09_e06,,,,,,,,,,,,,,,False
80,10/9/2018,9,7,vegan,vegan tropical fruit pavlova,150.0,gbbo_s09_e07,6.83,36.88,439.6,,,,,,,,,,,,False
81,10/16/2018,9,8,danish,æbleskiver,60.0,gbbo_s09_e08,,,,,,,,,,0.0,0.0,0.0,1.0,,False
82,10/23/2018,9,9,pâtisserie,torta setteveli,270.0,gbbo_s09_e09,,,,,,,,,,,,,,,False
83,10/30/2018,9,10,final,campfire pita breads,90.0,gbbo_s09_e10,0.0,12.5,inf,,,,,,,,,,,,False
84,8/27/2019,10,1,cake,angel cake slices,105.0,gbbo_s10_e01,0.0,12.5,inf,,,,,,,,,,,,True
85,9/3/2019,10,2,biscuit,fig rolls,90.0,gbbo_s10_e02,,,,,,,,,,,,,,,False
86,9/10/2019,10,3,bread,white burger baps & veggie burgers,150.0,gbbo_s10_e03,,,,,,,,,,,,,,,False
87,9/17/2019,10,4,dairy,maids of honour,,gbbo_s10_e04,,,,,,,,,,,,,,,False
88,9/24/2019,10,5,the roaring twenties,beignet soufflés,90.0,gbbo_s10_e05,,,,,,,,,,,,,,,False
89,10/1/2019,10,6,desserts,verrines,150.0,gbbo_s10_e06,,,,,,,,,,,,,,,False
90,10/8/2019,10,7,festival,sicilian cassatelles,,gbbo_s10_e07,,,,,,,,,,,,,,,False
91,10/15/2019,10,8,pastry,moroccan pie,,gbbo_s10_e08,,,,,,,,,,,,,,,False
92,10/22/2019,10,9,pâtisserie,gâteau saint honoré,210.0,gbbo_s10_e09,,,,,,,,,,,,,,,False
93,10/29/2019,10,10,final,stilton soufflés,70.0,gbbo_s10_e10,,,,,,,,,,,,,,,False
94,9/22/2020,11,1,cake,miniature pineapple upside-down cakes,90.0,gbbo_s11_e01,,,,0.0,0.0,True,,0.0,34.0,0.0,0.0041322314049586,0.0041322314049586,1.0,35.0,False
95,9/29/2020,11,2,biscuit,hand-shaped coconut macaroons,105.0,gbbo_s11_e02,,,,,,,,,,,,,,,False
96,10/6/2020,11,3,bread,rainbow-coloured bagels,165.0,gbbo_s11_e03,,,,,,,,,,,,,,,False
97,10/13/2020,11,4,chocolate,chocolate babka,150.0,gbbo_s11_e04,,,,0.0001666666666666,0.0004768002955662,False,2.8608017733975393,0.0003101336288995,76.0,,,,,,False
98,10/20/2020,11,5,pastry,raspberry éclairs & salted caramel éclairs,135.0,gbbo_s11_e05,0.0,27.0,inf,,,,,,,0.0,0.0032467532467532,0.0032467532467532,1.0,,False
99,10/27/2020,11,6,japanese,matcha crepe cake,120.0,gbbo_s11_e06,,,,0.0,0.0,True,,0.0,4.0,,,,,,False
100,11/3/2020,11,7,the '80s,custard & jam finger doughnuts,,gbbo_s11_e07,,,,,,,,,,,,,,,False
101,11/10/2020,11,8,desserts,sussex pond puddings,150.0,gbbo_s11_e08,,,,,,,,,,,,,,,False
102,11/17/2020,11,9,pâtisserie,danish kransekake cornucopia cake,135.0,gbbo_s11_e09,0.0,12.5,inf,,,,,,,,,,,,True
103,11/24/2020,11,10,final,walnut whirls,120.0,gbbo_s11_e10,,,,,,,,,,,,,,,False
104,9/21/2021,12,1,cake,malt loaf,120.0,gbbo_s12_e01,0.0,29.12,inf,0.0,0.0,True,,0.0,1.0,0.0,0.0075757575757575,0.0075757575757575,1.0,2.0,True
105,9/28/2021,12,2,biscuit,sandwiched jammy biscuits,105.0,gbbo_s12_e02,,,,,,,,,,,,,,,False
106,10/5/2021,12,3,bread,cheese and olive ciabatta breadsticks,120.0,gbbo_s12_e03,,,,,,,,,,,,,,,False
107,10/12/2021,12,4,desserts,sticky toffee puddings,90.0,gbbo_s12_e04,,,,0.0,0.0,True,,0.0,40.0,,,,,,False
108,10/19/2021,12,5,german,prinzregententorte,165.0,gbbo_s12_e05,,,,0.0,0.0,True,,0.0,1.0,,,,,,False
109,10/26/2021,12,6,pastry,large baklava,165.0,gbbo_s12_e06,,,,,,,,,,,,,,,False
110,11/2/2021,12,7,caramel,caramel biscuit bars,90.0,gbbo_s12_e07,,,,,,,,,,,,,,,False
111,11/9/2021,12,8,free-from,vegan sausage rolls,120.0,gbbo_s12_e08,,,,0.0,0.0,True,,0.0,2.0,0.0,0.0,0.0,1.0,3.0,False
112,11/16/2021,12,9,pâtisserie,pâtisserie-style layered slices,165.0,gbbo_s12_e09,,,,,,,,,,,,,,,False
113,11/23/2021,12,10,final,belgian buns,150.0,gbbo_s12_e10,,,,0.0,0.0,True,,0.0,1.0,,,,,,False
114,9/13/2022,13,1,cake,red velvet cake,120.0,gbbo_s13_e01,3.97,51.0,1185.7,0.0,0.0002876869965477,True,,0.0002876869965477,94.0,0.0,0.0,0.0,0.0,94.0,False
115,9/20/2022,13,2,biscuit,garibaldi biscuits,105.0,gbbo_s13_e02,,,,0.0,0.0,True,,0.0,0.0,,,,,,False
116,9/27/2022,13,3,bread,pain aux raisins,165.0,gbbo_s13_e03,,,,0.0,0.0,True,,0.0,1.0,,,,,,False
117,10/4/2022,13,4,mexican,steak tacos,120.0,gbbo_s13_e04,,,,,,,,,,,,,,,False
118,10/11/2022,13,5,desserts,lemon meringue pie,120.0,gbbo_s13_e05,,,,0.0004962326455402,0.0,False,0.0,-0.0004962326455402,79.0,0.0,0.0,0.0,0.0,79.0,False
119,10/18/2022,13,6,halloween,s'mores,120.0,gbbo_s13_e06,,,,0.0,0.0,True,,0.0,1.0,,,,,,False
120,10/25/2022,13,7,custard,pistachio and praline ice cream,165.0,gbbo_s13_e07,,,,,,,,,,,,,,,False
121,11/1/2022,13,8,pastry,spring rolls,80.0,gbbo_s13_e08,,,,0.0,0.0,True,,0.0,2.0,,,,,,False
122,11/8/2022,13,9,pâtisserie,"chocolate, hazelnut, & raspberry vertical tarts",120.0,gbbo_s13_e09,,,,,,,,,,,,,,,False
123,11/15/2022,13,10,final,summer pudding bomb,120.0,gbbo_s13_e10,,,,,,,,,,,,,,,False
124,9/26/2023,14,1,cake,the signature chocolate cake with fresh raspberries,120.0,gbbo_s14_e01,,,,0.0,0.0,True,,0.0,1.0,,,,,,False
125,10/3/2023,14,2,biscuits,custard creams,90.0,gbbo_s14_e02,0.0,12.5,inf,0.0,0.0,True,,0.0,1.0,,,,,,True
126,10/10/2023,14,3,bread,devonshire splits,,gbbo_s14_e03,0.0,12.5,inf,0.0,0.0002754820936639,True,,0.0002754820936639,2.0,,,,,,True
127,10/18/2023,14,4,chocolate,white chocolate and blackberry cheesecakes,,gbbo_s14_e04,,,,0.0,0.0,True,,0.0,8.0,,,,,,False
128,10/24/2023,14,5,pastry,dauphinoise pithivier,165.0,gbbo_s14_e05,0.0,24.62,inf,,,,,,,,,,,,True
129,10/31/2023,14,6,botanical,lemon and thyme drizzle cake,90.0,gbbo_s14_e06,,,,0.0,0.0,True,,0.0,2.0,,,,,,False
130,11/7/2023,14,7,desserts,orange and ginger treacle puddings,90.0,gbbo_s14_e07,,,,,,,,,,0.0,0.0087719298245614,0.0087719298245614,1.0,,False
131,11/14/2023,14,8,party,caterpiller cake,150.0,gbbo_s14_e08,,,,0.0,0.0,True,,0.0,1.0,0.0,0.0,0.0,1.0,2.0,False
132,11/21/2023,14,9,patisserie,tart aux pommes,150.0,gbbo_s14_e09,,,,0.00020964360587,0.0,False,0.0,-0.00020964360587,0.0,0.0,0.0105263157894736,0.0105263157894736,1.0,1.0,False
133,11/28/2023,14,10,final,lardy cake slices,180.0,gbbo_s14_e10,,,,,,,,,,,,,,,False
