,date,count
0,11/28/2023,131
1,11/22/2020,73
2,11/24/2020,34
3,11/21/2020,28
4,11/27/2020,26
5,12/25/2020,24
6,03/11/2020,23
7,09/22/2020,22
8,11/20/2021,22
9,10/18/2020,21
10,11/23/2020,21
11,10/19/2020,19
12,10/12/2020,18
13,08/28/2019,17
14,10/04/2020,17
15,10/05/2021,17
16,10/09/2021,17
17,10/25/2020,16
18,11/14/2020,16
19,09/14/2016,15
20,09/22/2016,15
21,10/26/2016,15
22,10/16/2019,15
23,10/26/2019,15
24,10/06/2020,15
25,10/11/2020,15
26,10/13/2020,15
27,10/24/2020,15
28,10/27/2020,15
29,11/19/2021,15
30,10/22/2022,15
31,09/26/2020,14
32,10/10/2020,14
33,10/26/2020,14
34,11/15/2020,14
35,11/29/2020,14
36,11/16/2021,14
37,10/22/2019,13
38,10/30/2019,13
39,10/03/2020,13
40,10/17/2020,13
41,10/20/2020,13
42,11/03/2020,13
43,11/07/2020,13
44,11/18/2020,13
45,11/25/2020,13
46,11/26/2020,13
47,11/30/2020,13
48,12/02/2020,13
49,10/10/2021,13
50,10/19/2021,13
51,10/23/2021,13
52,11/14/2021,13
53,10/08/2022,13
54,08/31/2016,12
55,10/31/2018,12
56,09/24/2019,12
57,10/01/2019,12
58,10/08/2019,12
59,09/27/2020,12
60,10/30/2020,12
61,10/31/2020,12
62,11/08/2020,12
63,12/24/2020,12
64,10/17/2021,12
65,10/18/2021,12
66,10/29/2021,12
67,10/30/2021,12
68,11/06/2021,12
69,11/09/2021,12
70,11/17/2021,12
71,12/02/2021,12
72,12/02/2023,12
73,11/26/2024,12
74,09/17/2019,11
75,09/23/2020,11
76,09/28/2020,11
77,09/29/2020,11
78,11/06/2020,11
79,11/28/2020,11
80,12/06/2020,11
81,10/16/2021,11
82,10/31/2021,11
83,11/03/2021,11
84,11/21/2021,11
85,12/03/2021,11
86,12/07/2021,11
87,09/23/2022,11
88,10/21/2022,11
89,02/28/2016,10
90,08/25/2016,10
91,09/08/2019,10
92,09/18/2019,10
93,10/28/2019,10
94,10/31/2019,10
95,10/02/2020,10
96,10/16/2020,10
97,10/22/2020,10
98,11/12/2020,10
99,11/17/2020,10
100,12/03/2020,10
101,01/18/2021,10
102,09/24/2021,10
103,09/25/2021,10
104,10/03/2021,10
105,10/08/2021,10
106,11/01/2021,10
107,11/02/2021,10
108,11/08/2021,10
109,11/12/2021,10
110,11/28/2021,10
111,09/24/2022,10
112,10/09/2022,10
113,11/20/2022,10
114,10/13/2024,10
115,11/02/2024,10
116,09/23/2025,10
117,09/23/2016,9
118,09/24/2016,9
119,09/18/2018,9
120,10/30/2018,9
121,10/05/2019,9
122,10/14/2019,9
123,10/15/2019,9
124,10/27/2019,9
125,11/02/2019,9
126,07/11/2020,9
127,09/24/2020,9
128,10/28/2020,9
129,11/04/2020,9
130,11/09/2020,9
131,11/10/2020,9
132,11/20/2020,9
133,12/01/2020,9
134,12/31/2020,9
135,01/13/2021,9
136,01/17/2021,9
137,02/14/2021,9
138,09/22/2021,9
139,10/15/2021,9
140,10/20/2021,9
141,10/24/2021,9
142,10/25/2021,9
143,10/28/2021,9
144,11/22/2021,9
145,12/06/2021,9
146,09/16/2022,9
147,09/17/2022,9
148,10/06/2022,9
149,10/11/2022,9
150,10/18/2022,9
151,11/18/2022,9
152,11/19/2022,9
153,10/26/2024,9
154,11/15/2024,9
155,02/27/2016,8
156,09/15/2016,8
157,10/13/2016,8
158,10/17/2017,8
159,10/31/2017,8
160,11/12/2018,8
161,08/27/2019,8
162,09/03/2019,8
163,09/25/2019,8
164,10/17/2019,8
165,10/20/2019,8
166,10/23/2019,8
167,10/29/2019,8
168,04/13/2020,8
169,09/30/2020,8
170,10/07/2020,8
171,11/02/2020,8
172,12/12/2020,8
173,12/21/2020,8
174,12/22/2020,8
175,12/26/2020,8
176,12/27/2020,8
177,02/01/2021,8
178,06/20/2021,8
179,09/26/2021,8
180,09/28/2021,8
181,10/13/2021,8
182,10/14/2021,8
183,10/26/2021,8
184,11/07/2021,8
185,11/13/2021,8
186,11/15/2021,8
187,11/29/2021,8
188,11/30/2021,8
189,12/04/2021,8
190,09/18/2022,8
191,10/01/2022,8
192,10/16/2022,8
193,10/25/2022,8
194,10/29/2022,8
195,11/07/2022,8
196,11/15/2022,8
197,11/16/2022,8
198,12/06/2022,8
199,10/06/2023,8
200,11/10/2023,8
201,10/18/2024,8
202,10/19/2024,8
203,10/29/2024,8
204,11/14/2024,8
205,09/30/2025,8
206,11/08/2025,8
207,08/24/2016,7
208,08/27/2016,7
209,08/29/2017,7
210,09/01/2018,7
211,09/19/2018,7
212,09/26/2018,7
213,09/11/2019,7
214,09/16/2019,7
215,10/03/2019,7
216,10/12/2019,7
217,10/24/2019,7
218,11/01/2019,7
219,01/16/2020,7
220,07/20/2020,7
221,10/05/2020,7
222,10/14/2020,7
223,10/21/2020,7
224,12/04/2020,7
225,12/14/2020,7
226,02/13/2021,7
227,02/15/2021,7
228,03/02/2021,7
229,10/01/2021,7
230,10/02/2021,7
231,10/06/2021,7
232,10/11/2021,7
233,10/12/2021,7
234,10/22/2021,7
235,10/27/2021,7
236,11/10/2021,7
237,11/23/2021,7
238,12/01/2021,7
239,12/28/2021,7
240,09/19/2022,7
241,09/20/2022,7
242,09/27/2022,7
243,09/30/2022,7
244,10/02/2022,7
245,10/03/2022,7
246,10/04/2022,7
247,10/10/2022,7
248,10/20/2022,7
249,12/01/2023,7
250,10/01/2024,7
251,10/08/2024,7
252,10/09/2024,7
253,10/11/2024,7
254,10/21/2024,7
255,10/25/2024,7
256,11/06/2024,7
257,11/30/2024,7
258,08/13/2015,6
259,08/26/2015,6
260,09/06/2016,6
261,09/08/2016,6
262,09/09/2016,6
263,09/13/2016,6
264,10/19/2016,6
265,10/27/2016,6
266,08/28/2018,6
267,09/25/2018,6
268,10/11/2018,6
269,10/23/2018,6
270,11/01/2018,6
271,11/16/2018,6
272,11/20/2018,6
273,12/08/2018,6
274,12/27/2018,6
275,08/20/2019,6
276,09/02/2019,6
277,09/19/2019,6
278,09/26/2019,6
279,09/27/2019,6
280,10/04/2019,6
281,10/10/2019,6
282,10/18/2019,6
283,11/03/2019,6
284,11/09/2019,6
285,03/29/2020,6
286,05/11/2020,6
287,08/19/2020,6
288,09/15/2020,6
289,09/25/2020,6
290,10/01/2020,6
291,11/11/2020,6
292,12/05/2020,6
293,12/10/2020,6
294,12/16/2020,6
295,01/02/2021,6
296,01/03/2021,6
297,01/07/2021,6
298,01/23/2021,6
299,01/25/2021,6
300,01/26/2021,6
301,02/06/2021,6
302,03/07/2021,6
303,07/08/2021,6
304,09/21/2021,6
305,09/27/2021,6
306,09/30/2021,6
307,12/25/2021,6
308,12/27/2021,6
309,01/10/2022,6
310,08/31/2022,6
311,09/14/2022,6
312,09/25/2022,6
313,10/12/2022,6
314,10/15/2022,6
315,10/31/2022,6
316,11/01/2022,6
317,11/06/2022,6
318,11/08/2022,6
319,11/11/2022,6
320,12/09/2022,6
321,09/27/2023,6
322,10/04/2023,6
323,10/10/2023,6
324,10/13/2023,6
325,10/16/2023,6
326,10/31/2023,6
327,11/08/2023,6
328,12/03/2023,6
329,09/30/2024,6
330,10/15/2024,6
331,10/20/2024,6
332,11/01/2024,6
333,11/05/2024,6
334,11/09/2024,6
335,11/13/2024,6
336,11/17/2024,6
337,11/23/2024,6
338,12/01/2024,6
339,09/14/2025,6
340,09/27/2025,6
341,09/28/2025,6
342,10/08/2014,5
343,08/05/2015,5
344,02/14/2016,5
345,08/26/2016,5
346,09/03/2016,5
347,09/04/2016,5
348,09/07/2016,5
349,09/17/2016,5
350,09/28/2016,5
351,09/30/2016,5
352,10/05/2016,5
353,10/09/2016,5
354,10/20/2016,5
355,10/25/2016,5
356,02/14/2017,5
357,08/22/2017,5
358,08/30/2017,5
359,09/01/2017,5
360,09/20/2017,5
361,10/03/2017,5
362,10/10/2017,5
363,10/24/2017,5
364,09/04/2018,5
365,09/06/2018,5
366,09/12/2018,5
367,09/27/2018,5
368,10/10/2018,5
369,10/17/2018,5
370,10/18/2018,5
371,10/26/2018,5
372,11/10/2018,5
373,11/19/2018,5
374,03/13/2019,5
375,03/26/2019,5
376,08/22/2019,5
377,08/30/2019,5
378,09/04/2019,5
379,09/10/2019,5
380,09/14/2019,5
381,09/21/2019,5
382,09/28/2019,5
383,10/02/2019,5
384,10/19/2019,5
385,10/21/2019,5
386,11/07/2019,5
387,11/24/2019,5
388,12/03/2019,5
389,01/08/2020,5
390,03/10/2020,5
391,03/23/2020,5
392,04/23/2020,5
393,05/17/2020,5
394,05/18/2020,5
395,07/17/2020,5
396,08/18/2020,5
397,09/20/2020,5
398,10/29/2020,5
399,11/19/2020,5
400,12/07/2020,5
401,12/17/2020,5
402,12/19/2020,5
403,12/20/2020,5
404,12/23/2020,5
405,01/01/2021,5
406,01/08/2021,5
407,01/24/2021,5
408,01/29/2021,5
409,02/07/2021,5
410,02/09/2021,5
411,02/16/2021,5
412,03/05/2021,5
413,03/10/2021,5
414,03/23/2021,5
415,06/19/2021,5
416,08/09/2021,5
417,08/10/2021,5
418,10/04/2021,5
419,10/07/2021,5
420,11/04/2021,5
421,11/05/2021,5
422,12/16/2021,5
423,12/18/2021,5
424,12/20/2021,5
425,01/21/2022,5
426,01/30/2022,5
427,05/15/2022,5
428,08/30/2022,5
429,09/02/2022,5
430,09/21/2022,5
431,10/05/2022,5
432,10/07/2022,5
433,11/02/2022,5
434,11/12/2022,5
435,11/17/2022,5
436,11/23/2022,5
437,03/16/2023,5
438,05/12/2023,5
439,09/18/2023,5
440,09/21/2023,5
441,09/26/2023,5
442,10/01/2023,5
443,10/02/2023,5
444,10/09/2023,5
445,10/17/2023,5
446,10/18/2023,5
447,10/24/2023,5
448,10/27/2023,5
449,10/28/2023,5
450,11/07/2023,5
451,11/29/2023,5
452,12/04/2023,5
453,01/01/2024,5
454,10/03/2024,5
455,10/04/2024,5
456,10/22/2024,5
457,10/30/2024,5
458,11/03/2024,5
459,11/07/2024,5
460,11/10/2024,5
461,11/19/2024,5
462,11/22/2024,5
463,12/02/2024,5
464,12/03/2024,5
465,09/06/2025,5
466,09/16/2025,5
467,10/03/2025,5
468,01/21/2026,5
469,01/22/2026,5
470,10/07/2015,4
471,10/08/2015,4
472,09/01/2016,4
473,10/06/2016,4
474,03/03/2017,4
475,04/02/2017,4
476,04/25/2017,4
477,08/31/2017,4
478,09/12/2017,4
479,10/18/2017,4
480,11/01/2017,4
481,11/21/2017,4
482,12/14/2017,4
483,08/29/2018,4
484,09/07/2018,4
485,09/11/2018,4
486,09/17/2018,4
487,09/21/2018,4
488,10/01/2018,4
489,10/02/2018,4
490,10/16/2018,4
491,10/19/2018,4
492,10/27/2018,4
493,11/02/2018,4
494,11/03/2018,4
495,11/25/2018,4
496,11/26/2018,4
497,11/27/2018,4
498,12/02/2018,4
499,12/05/2018,4
500,12/06/2018,4
501,12/09/2018,4
502,12/25/2018,4
503,02/25/2019,4
504,03/05/2019,4
505,03/20/2019,4
506,03/21/2019,4
507,08/10/2019,4
508,09/06/2019,4
509,09/09/2019,4
510,09/13/2019,4
511,09/29/2019,4
512,10/13/2019,4
513,10/25/2019,4
514,11/04/2019,4
515,11/06/2019,4
516,11/12/2019,4
517,11/13/2019,4
518,11/22/2019,4
519,11/26/2019,4
520,11/30/2019,4
521,12/07/2019,4
522,12/15/2019,4
523,01/01/2020,4
524,01/05/2020,4
525,01/17/2020,4
526,01/18/2020,4
527,02/18/2020,4
528,02/21/2020,4
529,02/26/2020,4
530,04/14/2020,4
531,05/05/2020,4
532,05/19/2020,4
533,06/01/2020,4
534,06/04/2020,4
535,07/07/2020,4
536,09/02/2020,4
537,09/06/2020,4
538,09/10/2020,4
539,10/08/2020,4
540,10/09/2020,4
541,10/15/2020,4
542,11/01/2020,4
543,11/05/2020,4
544,11/16/2020,4
545,12/09/2020,4
546,12/11/2020,4
547,12/15/2020,4
548,01/04/2021,4
549,01/10/2021,4
550,01/16/2021,4
551,01/22/2021,4
552,01/31/2021,4
553,02/17/2021,4
554,02/18/2021,4
555,02/28/2021,4
556,03/09/2021,4
557,03/18/2021,4
558,03/20/2021,4
559,03/28/2021,4
560,03/29/2021,4
561,03/31/2021,4
562,04/04/2021,4
563,04/10/2021,4
564,04/12/2021,4
565,05/25/2021,4
566,05/30/2021,4
567,08/08/2021,4
568,08/15/2021,4
569,08/20/2021,4
570,08/26/2021,4
571,09/13/2021,4
572,09/14/2021,4
573,09/17/2021,4
574,09/23/2021,4
575,09/29/2021,4
576,11/11/2021,4
577,12/08/2021,4
578,12/13/2021,4
579,12/26/2021,4
580,12/29/2021,4
581,01/01/2022,4
582,01/02/2022,4
583,01/08/2022,4
584,01/18/2022,4
585,02/02/2022,4
586,02/16/2022,4
587,04/14/2022,4
588,04/16/2022,4
589,06/20/2022,4
590,09/03/2022,4
591,09/15/2022,4
592,09/26/2022,4
593,10/13/2022,4
594,10/17/2022,4
595,10/23/2022,4
596,10/26/2022,4
597,10/28/2022,4
598,11/04/2022,4
599,11/14/2022,4
600,11/21/2022,4
601,11/27/2022,4
602,01/01/2023,4
603,05/09/2023,4
604,05/15/2023,4
605,09/29/2023,4
606,10/03/2023,4
607,10/05/2023,4
608,10/08/2023,4
609,10/15/2023,4
610,10/21/2023,4
611,10/23/2023,4
612,10/25/2023,4
613,10/30/2023,4
614,11/02/2023,4
615,11/03/2023,4
616,11/04/2023,4
617,11/06/2023,4
618,11/11/2023,4
619,11/13/2023,4
620,11/17/2023,4
621,11/18/2023,4
622,11/30/2023,4
623,12/07/2023,4
624,12/09/2023,4
625,12/11/2023,4
626,12/30/2023,4
627,01/12/2024,4
628,02/20/2024,4
629,06/04/2024,4
630,09/24/2024,4
631,10/07/2024,4
632,10/10/2024,4
633,10/12/2024,4
634,10/16/2024,4
635,10/27/2024,4
636,11/12/2024,4
637,11/16/2024,4
638,11/24/2024,4
639,11/27/2024,4
640,11/29/2024,4
641,12/25/2024,4
642,12/26/2024,4
643,04/03/2025,4
644,09/03/2025,4
645,09/08/2025,4
646,09/13/2025,4
647,09/21/2025,4
648,09/29/2025,4
649,10/07/2025,4
650,10/12/2025,4
651,10/21/2025,4
652,11/03/2025,4
653,11/04/2025,4
654,11/06/2025,4
655,05/12/2026,4
656,08/14/2014,3
657,08/27/2014,3
658,09/03/2014,3
659,08/11/2015,3
660,08/12/2015,3
661,08/17/2015,3
662,08/19/2015,3
663,08/23/2015,3
664,08/30/2015,3
665,09/02/2015,3
666,09/09/2015,3
667,09/24/2015,3
668,10/06/2015,3
669,02/13/2016,3
670,09/11/2016,3
671,09/12/2016,3
672,09/16/2016,3
673,09/20/2016,3
674,09/21/2016,3
675,09/29/2016,3
676,10/16/2016,3
677,10/22/2016,3
678,10/24/2016,3
679,10/28/2016,3
680,11/02/2016,3
681,02/22/2017,3
682,03/16/2017,3
683,06/21/2017,3
684,09/05/2017,3
685,09/10/2017,3
686,09/19/2017,3
687,09/24/2017,3
688,09/26/2017,3
689,10/02/2017,3
690,10/07/2017,3
691,10/13/2017,3
692,10/19/2017,3
693,10/30/2017,3
694,11/11/2017,3
695,11/20/2017,3
696,11/29/2017,3
697,12/18/2017,3
698,01/02/2018,3
699,01/04/2018,3
700,01/31/2018,3
701,04/10/2018,3
702,06/17/2018,3
703,08/02/2018,3
704,08/20/2018,3
705,08/23/2018,3
706,09/05/2018,3
707,09/09/2018,3
708,09/28/2018,3
709,10/05/2018,3
710,10/06/2018,3
711,10/24/2018,3
712,11/05/2018,3
713,11/07/2018,3
714,11/14/2018,3
715,11/22/2018,3
716,11/28/2018,3
717,12/04/2018,3
718,12/07/2018,3
719,12/10/2018,3
720,12/11/2018,3
721,12/14/2018,3
722,12/15/2018,3
723,12/16/2018,3
724,12/17/2018,3
725,12/23/2018,3
726,12/31/2018,3
727,02/22/2019,3
728,03/25/2019,3
729,04/08/2019,3
730,06/15/2019,3
731,08/04/2019,3
732,08/11/2019,3
733,08/15/2019,3
734,08/17/2019,3
735,08/21/2019,3
736,09/01/2019,3
737,09/05/2019,3
738,09/07/2019,3
739,09/12/2019,3
740,09/15/2019,3
741,09/23/2019,3
742,10/09/2019,3
743,10/11/2019,3
744,11/05/2019,3
745,11/08/2019,3
746,11/11/2019,3
747,11/27/2019,3
748,12/27/2019,3
749,01/02/2020,3
750,01/12/2020,3
751,01/15/2020,3
752,01/25/2020,3
753,01/28/2020,3
754,02/07/2020,3
755,02/08/2020,3
756,02/09/2020,3
757,02/23/2020,3
758,03/04/2020,3
759,03/22/2020,3
760,04/02/2020,3
761,04/07/2020,3
762,04/24/2020,3
763,04/28/2020,3
764,04/30/2020,3
765,05/01/2020,3
766,05/03/2020,3
767,05/04/2020,3
768,05/08/2020,3
769,05/09/2020,3
770,05/12/2020,3
771,05/21/2020,3
772,05/22/2020,3
773,06/07/2020,3
774,06/16/2020,3
775,07/08/2020,3
776,07/09/2020,3
777,07/16/2020,3
778,07/26/2020,3
779,07/29/2020,3
780,08/20/2020,3
781,08/21/2020,3
782,08/23/2020,3
783,08/25/2020,3
784,09/05/2020,3
785,09/09/2020,3
786,09/13/2020,3
787,09/14/2020,3
788,09/19/2020,3
789,09/21/2020,3
790,10/23/2020,3
791,12/08/2020,3
792,12/13/2020,3
793,01/14/2021,3
794,01/15/2021,3
795,01/19/2021,3
796,01/20/2021,3
797,01/28/2021,3
798,02/02/2021,3
799,02/08/2021,3
800,02/10/2021,3
801,03/01/2021,3
802,03/06/2021,3
803,03/12/2021,3
804,03/24/2021,3
805,04/06/2021,3
806,04/09/2021,3
807,04/11/2021,3
808,04/15/2021,3
809,05/13/2021,3
810,05/26/2021,3
811,06/14/2021,3
812,06/15/2021,3
813,06/30/2021,3
814,07/05/2021,3
815,07/11/2021,3
816,07/20/2021,3
817,08/07/2021,3
818,08/16/2021,3
819,08/17/2021,3
820,08/19/2021,3
821,08/29/2021,3
822,08/30/2021,3
823,09/07/2021,3
824,10/21/2021,3
825,11/18/2021,3
826,12/14/2021,3
827,12/23/2021,3
828,12/30/2021,3
829,01/03/2022,3
830,01/07/2022,3
831,01/12/2022,3
832,01/20/2022,3
833,01/31/2022,3
834,02/04/2022,3
835,02/05/2022,3
836,02/15/2022,3
837,03/10/2022,3
838,03/31/2022,3
839,04/03/2022,3
840,04/15/2022,3
841,05/17/2022,3
842,06/12/2022,3
843,07/11/2022,3
844,07/12/2022,3
845,07/23/2022,3
846,08/21/2022,3
847,08/29/2022,3
848,09/01/2022,3
849,09/13/2022,3
850,09/28/2022,3
851,10/14/2022,3
852,10/30/2022,3
853,11/03/2022,3
854,11/09/2022,3
855,11/10/2022,3
856,11/28/2022,3
857,12/07/2022,3
858,12/08/2022,3
859,12/25/2022,3
860,01/22/2023,3
861,01/23/2023,3
862,02/25/2023,3
863,04/17/2023,3
864,04/18/2023,3
865,04/23/2023,3
866,05/04/2023,3
867,05/07/2023,3
868,05/11/2023,3
869,05/16/2023,3
870,07/05/2023,3
871,08/15/2023,3
872,09/30/2023,3
873,10/07/2023,3
874,10/11/2023,3
875,10/12/2023,3
876,10/22/2023,3
877,10/26/2023,3
878,11/09/2023,3
879,11/14/2023,3
880,11/16/2023,3
881,11/19/2023,3
882,11/20/2023,3
883,11/21/2023,3
884,11/23/2023,3
885,01/11/2024,3
886,01/18/2024,3
887,02/08/2024,3
888,03/03/2024,3
889,03/14/2024,3
890,03/26/2024,3
891,04/21/2024,3
892,06/11/2024,3
893,06/27/2024,3
894,08/27/2024,3
895,09/11/2024,3
896,09/23/2024,3
897,09/25/2024,3
898,10/05/2024,3
899,10/14/2024,3
900,10/31/2024,3
901,11/04/2024,3
902,11/11/2024,3
903,11/20/2024,3
904,12/09/2024,3
905,12/10/2024,3
906,12/14/2024,3
907,12/19/2024,3
908,12/31/2024,3
909,01/06/2025,3
910,02/07/2025,3
911,02/11/2025,3
912,03/25/2025,3
913,04/10/2025,3
914,04/12/2025,3
915,05/06/2025,3
916,05/07/2025,3
917,05/29/2025,3
918,07/15/2025,3
919,08/17/2025,3
920,08/19/2025,3
921,08/21/2025,3
922,09/01/2025,3
923,09/02/2025,3
924,09/04/2025,3
925,09/05/2025,3
926,09/09/2025,3
927,09/17/2025,3
928,09/22/2025,3
929,09/25/2025,3
930,10/08/2025,3
931,10/14/2025,3
932,10/16/2025,3
933,10/17/2025,3
934,10/22/2025,3
935,10/24/2025,3
936,11/05/2025,3
937,11/07/2025,3
938,11/09/2025,3
939,11/12/2025,3
940,12/17/2025,3
941,01/19/2026,3
942,01/26/2026,3
943,02/01/2026,3
944,08/07/2014,2
945,08/28/2014,2
946,09/24/2014,2
947,10/01/2014,2
948,10/09/2014,2
949,10/12/2014,2
950,10/25/2014,2
951,02/11/2015,2
952,04/14/2015,2
953,07/14/2015,2
954,07/23/2015,2
955,08/06/2015,2
956,08/09/2015,2
957,08/18/2015,2
958,08/22/2015,2
959,08/24/2015,2
960,08/27/2015,2
961,08/31/2015,2
962,09/08/2015,2
963,09/27/2015,2
964,09/29/2015,2
965,10/10/2015,2
966,10/12/2015,2
967,10/15/2015,2
968,02/24/2016,2
969,02/25/2016,2
970,03/17/2016,2
971,07/09/2016,2
972,08/01/2016,2
973,08/15/2016,2
974,08/16/2016,2
975,08/29/2016,2
976,09/05/2016,2
977,09/10/2016,2
978,09/25/2016,2
979,09/26/2016,2
980,10/01/2016,2
981,10/03/2016,2
982,10/04/2016,2
983,10/07/2016,2
984,10/12/2016,2
985,10/15/2016,2
986,10/17/2016,2
987,11/01/2016,2
988,11/10/2016,2
989,11/23/2016,2
990,12/08/2016,2
991,12/25/2016,2
992,12/26/2016,2
993,02/10/2017,2
994,02/11/2017,2
995,02/21/2017,2
996,02/23/2017,2
997,02/28/2017,2
998,03/06/2017,2
999,03/19/2017,2
1000,04/21/2017,2
1001,05/05/2017,2
1002,06/02/2017,2
1003,07/15/2017,2
1004,08/03/2017,2
1005,08/04/2017,2
1006,08/28/2017,2
1007,09/03/2017,2
1008,09/04/2017,2
1009,09/06/2017,2
1010,09/08/2017,2
1011,09/09/2017,2
1012,09/11/2017,2
1013,09/22/2017,2
1014,09/23/2017,2
1015,10/04/2017,2
1016,10/06/2017,2
1017,10/11/2017,2
1018,10/22/2017,2
1019,10/25/2017,2
1020,11/03/2017,2
1021,11/07/2017,2
1022,11/10/2017,2
1023,12/04/2017,2
1024,12/05/2017,2
1025,12/08/2017,2
1026,12/09/2017,2
1027,12/11/2017,2
1028,12/15/2017,2
1029,12/19/2017,2
1030,12/21/2017,2
1031,12/22/2017,2
1032,01/05/2018,2
1033,01/08/2018,2
1034,02/04/2018,2
1035,02/07/2018,2
1036,02/09/2018,2
1037,03/12/2018,2
1038,03/13/2018,2
1039,03/24/2018,2
1040,03/26/2018,2
1041,03/29/2018,2
1042,04/02/2018,2
1043,04/03/2018,2
1044,04/06/2018,2
1045,04/22/2018,2
1046,05/24/2018,2
1047,07/16/2018,2
1048,08/03/2018,2
1049,08/15/2018,2
1050,08/24/2018,2
1051,08/26/2018,2
1052,08/27/2018,2
1053,08/30/2018,2
1054,08/31/2018,2
1055,09/08/2018,2
1056,09/10/2018,2
1057,09/22/2018,2
1058,09/23/2018,2
1059,09/24/2018,2
1060,09/29/2018,2
1061,09/30/2018,2
1062,10/03/2018,2
1063,10/04/2018,2
1064,10/07/2018,2
1065,10/13/2018,2
1066,10/14/2018,2
1067,10/15/2018,2
1068,11/08/2018,2
1069,11/11/2018,2
1070,11/13/2018,2
1071,11/15/2018,2
1072,11/17/2018,2
1073,11/18/2018,2
1074,11/24/2018,2
1075,11/30/2018,2
1076,12/01/2018,2
1077,12/03/2018,2
1078,12/12/2018,2
1079,12/18/2018,2
1080,12/20/2018,2
1081,12/29/2018,2
1082,12/30/2018,2
1083,01/01/2019,2
1084,01/02/2019,2
1085,01/14/2019,2
1086,01/21/2019,2
1087,02/11/2019,2
1088,02/13/2019,2
1089,02/14/2019,2
1090,02/19/2019,2
1091,02/20/2019,2
1092,02/21/2019,2
1093,02/24/2019,2
1094,03/06/2019,2
1095,03/19/2019,2
1096,03/27/2019,2
1097,03/30/2019,2
1098,03/31/2019,2
1099,04/10/2019,2
1100,04/12/2019,2
1101,04/15/2019,2
1102,04/19/2019,2
1103,04/26/2019,2
1104,05/01/2019,2
1105,05/03/2019,2
1106,05/05/2019,2
1107,05/19/2019,2
1108,06/04/2019,2
1109,06/09/2019,2
1110,06/13/2019,2
1111,06/23/2019,2
1112,07/05/2019,2
1113,07/10/2019,2
1114,07/24/2019,2
1115,08/01/2019,2
1116,08/02/2019,2
1117,08/07/2019,2
1118,08/09/2019,2
1119,08/14/2019,2
1120,08/16/2019,2
1121,09/22/2019,2
1122,10/06/2019,2
1123,10/07/2019,2
1124,11/10/2019,2
1125,11/15/2019,2
1126,11/19/2019,2
1127,11/20/2019,2
1128,11/21/2019,2
1129,11/25/2019,2
1130,11/29/2019,2
1131,12/04/2019,2
1132,12/09/2019,2
1133,12/13/2019,2
1134,12/17/2019,2
1135,12/18/2019,2
1136,12/20/2019,2
1137,12/22/2019,2
1138,12/23/2019,2
1139,12/25/2019,2
1140,12/31/2019,2
1141,01/09/2020,2
1142,01/10/2020,2
1143,01/13/2020,2
1144,01/20/2020,2
1145,01/21/2020,2
1146,01/23/2020,2
1147,01/26/2020,2
1148,01/27/2020,2
1149,01/29/2020,2
1150,02/01/2020,2
1151,02/05/2020,2
1152,03/08/2020,2
1153,03/14/2020,2
1154,03/27/2020,2
1155,03/30/2020,2
1156,04/05/2020,2
1157,04/06/2020,2
1158,04/12/2020,2
1159,04/20/2020,2
1160,04/22/2020,2
1161,04/27/2020,2
1162,05/06/2020,2
1163,05/07/2020,2
1164,05/10/2020,2
1165,05/14/2020,2
1166,05/15/2020,2
1167,05/16/2020,2
1168,05/24/2020,2
1169,05/30/2020,2
1170,05/31/2020,2
1171,06/08/2020,2
1172,06/14/2020,2
1173,06/22/2020,2
1174,06/26/2020,2
1175,06/28/2020,2
1176,06/29/2020,2
1177,06/30/2020,2
1178,07/03/2020,2
1179,07/05/2020,2
1180,07/10/2020,2
1181,07/13/2020,2
1182,07/14/2020,2
1183,07/15/2020,2
1184,07/21/2020,2
1185,07/24/2020,2
1186,08/01/2020,2
1187,08/14/2020,2
1188,08/15/2020,2
1189,08/16/2020,2
1190,09/07/2020,2
1191,09/11/2020,2
1192,12/18/2020,2
1193,12/28/2020,2
1194,12/29/2020,2
1195,01/05/2021,2
1196,01/06/2021,2
1197,01/09/2021,2
1198,01/21/2021,2
1199,01/27/2021,2
1200,02/04/2021,2
1201,02/05/2021,2
1202,02/12/2021,2
1203,02/19/2021,2
1204,02/20/2021,2
1205,02/21/2021,2
1206,02/24/2021,2
1207,02/27/2021,2
1208,03/04/2021,2
1209,03/08/2021,2
1210,03/15/2021,2
1211,03/16/2021,2
1212,03/17/2021,2
1213,03/25/2021,2
1214,03/26/2021,2
1215,03/30/2021,2
1216,04/01/2021,2
1217,04/02/2021,2
1218,04/05/2021,2
1219,04/16/2021,2
1220,04/24/2021,2
1221,04/28/2021,2
1222,05/16/2021,2
1223,05/20/2021,2
1224,05/22/2021,2
1225,05/24/2021,2
1226,06/02/2021,2
1227,06/04/2021,2
1228,06/08/2021,2
1229,06/11/2021,2
1230,06/16/2021,2
1231,06/17/2021,2
1232,06/21/2021,2
1233,06/22/2021,2
1234,06/26/2021,2
1235,07/10/2021,2
1236,07/15/2021,2
1237,07/19/2021,2
1238,07/21/2021,2
1239,07/22/2021,2
1240,08/05/2021,2
1241,08/11/2021,2
1242,08/13/2021,2
1243,08/18/2021,2
1244,08/21/2021,2
1245,08/22/2021,2
1246,08/27/2021,2
1247,09/03/2021,2
1248,09/10/2021,2
1249,09/12/2021,2
1250,09/18/2021,2
1251,09/19/2021,2
1252,09/20/2021,2
1253,11/25/2021,2
1254,12/09/2021,2
1255,12/10/2021,2
1256,12/11/2021,2
1257,12/12/2021,2
1258,12/17/2021,2
1259,12/19/2021,2
1260,12/21/2021,2
1261,12/22/2021,2
1262,12/24/2021,2
1263,01/04/2022,2
1264,01/13/2022,2
1265,01/19/2022,2
1266,01/22/2022,2
1267,01/27/2022,2
1268,02/03/2022,2
1269,02/09/2022,2
1270,02/10/2022,2
1271,02/11/2022,2
1272,02/13/2022,2
1273,02/23/2022,2
1274,02/25/2022,2
1275,02/26/2022,2
1276,03/13/2022,2
1277,03/23/2022,2
1278,03/24/2022,2
1279,03/27/2022,2
1280,04/01/2022,2
1281,04/05/2022,2
1282,04/28/2022,2
1283,05/12/2022,2
1284,06/08/2022,2
1285,07/01/2022,2
1286,07/10/2022,2
1287,07/14/2022,2
1288,07/26/2022,2
1289,08/10/2022,2
1290,08/16/2022,2
1291,08/19/2022,2
1292,08/20/2022,2
1293,08/23/2022,2
1294,08/24/2022,2
1295,08/27/2022,2
1296,09/06/2022,2
1297,09/09/2022,2
1298,09/11/2022,2
1299,09/12/2022,2
1300,09/22/2022,2
1301,09/29/2022,2
1302,10/19/2022,2
1303,10/27/2022,2
1304,11/13/2022,2
1305,11/25/2022,2
1306,11/30/2022,2
1307,12/03/2022,2
1308,12/05/2022,2
1309,12/10/2022,2
1310,12/23/2022,2
1311,12/24/2022,2
1312,12/26/2022,2
1313,12/27/2022,2
1314,01/04/2023,2
1315,01/10/2023,2
1316,01/25/2023,2
1317,01/27/2023,2
1318,01/30/2023,2
1319,02/02/2023,2
1320,02/17/2023,2
1321,02/18/2023,2
1322,02/20/2023,2
1323,02/21/2023,2
1324,02/27/2023,2
1325,03/06/2023,2
1326,03/15/2023,2
1327,03/27/2023,2
1328,04/03/2023,2
1329,04/05/2023,2
1330,04/11/2023,2
1331,04/15/2023,2
1332,04/20/2023,2
1333,05/08/2023,2
1334,05/13/2023,2
1335,05/14/2023,2
1336,05/17/2023,2
1337,05/24/2023,2
1338,05/25/2023,2
1339,06/10/2023,2
1340,07/03/2023,2
1341,07/29/2023,2
1342,08/08/2023,2
1343,08/12/2023,2
1344,08/20/2023,2
1345,09/05/2023,2
1346,09/19/2023,2
1347,09/24/2023,2
1348,09/25/2023,2
1349,10/20/2023,2
1350,10/29/2023,2
1351,11/01/2023,2
1352,11/25/2023,2
1353,11/27/2023,2
1354,12/06/2023,2
1355,12/08/2023,2
1356,12/13/2023,2
1357,12/15/2023,2
1358,12/28/2023,2
1359,01/03/2024,2
1360,01/16/2024,2
1361,01/23/2024,2
1362,01/24/2024,2
1363,02/05/2024,2
1364,02/06/2024,2
1365,03/07/2024,2
1366,03/16/2024,2
1367,03/23/2024,2
1368,03/29/2024,2
1369,04/05/2024,2
1370,04/14/2024,2
1371,04/22/2024,2
1372,04/29/2024,2
1373,05/01/2024,2
1374,05/02/2024,2
1375,05/07/2024,2
1376,05/24/2024,2
1377,05/26/2024,2
1378,05/30/2024,2
1379,06/06/2024,2
1380,06/15/2024,2
1381,06/17/2024,2
1382,07/05/2024,2
1383,07/25/2024,2
1384,07/29/2024,2
1385,08/04/2024,2
1386,08/09/2024,2
1387,08/12/2024,2
1388,08/15/2024,2
1389,08/17/2024,2
1390,08/20/2024,2
1391,09/05/2024,2
1392,09/06/2024,2
1393,09/16/2024,2
1394,09/22/2024,2
1395,09/26/2024,2
1396,09/28/2024,2
1397,09/29/2024,2
1398,10/02/2024,2
1399,10/23/2024,2
1400,10/28/2024,2
1401,11/18/2024,2
1402,11/25/2024,2
1403,11/28/2024,2
1404,12/08/2024,2
1405,12/12/2024,2
1406,12/16/2024,2
1407,12/23/2024,2
1408,12/27/2024,2
1409,01/01/2025,2
1410,01/02/2025,2
1411,01/03/2025,2
1412,01/04/2025,2
1413,01/07/2025,2
1414,01/08/2025,2
1415,01/16/2025,2
1416,01/22/2025,2
1417,01/23/2025,2
1418,01/26/2025,2
1419,01/27/2025,2
1420,02/04/2025,2
1421,02/05/2025,2
1422,02/06/2025,2
1423,03/20/2025,2
1424,03/24/2025,2
1425,04/01/2025,2
1426,04/18/2025,2
1427,04/24/2025,2
1428,05/03/2025,2
1429,05/09/2025,2
1430,05/23/2025,2
1431,06/17/2025,2
1432,07/02/2025,2
1433,07/22/2025,2
1434,08/07/2025,2
1435,08/18/2025,2
1436,08/30/2025,2
1437,09/07/2025,2
1438,09/10/2025,2
1439,09/11/2025,2
1440,10/01/2025,2
1441,10/02/2025,2
1442,10/05/2025,2
1443,10/06/2025,2
1444,10/09/2025,2
1445,10/28/2025,2
1446,11/01/2025,2
1447,11/02/2025,2
1448,11/10/2025,2
1449,11/14/2025,2
1450,11/15/2025,2
1451,11/20/2025,2
1452,11/23/2025,2
1453,11/27/2025,2
1454,11/29/2025,2
1455,12/03/2025,2
1456,12/07/2025,2
1457,12/19/2025,2
1458,12/21/2025,2
1459,01/08/2026,2
1460,01/10/2026,2
1461,01/11/2026,2
1462,03/12/2026,2
1463,03/26/2026,2
1464,04/30/2026,2
1465,05/20/2026,2
1466,06/24/2026,2
1467,08/08/2014,1
1468,08/09/2014,1
1469,08/15/2014,1
1470,08/20/2014,1
1471,08/26/2014,1
1472,08/29/2014,1
1473,09/04/2014,1
1474,09/05/2014,1
1475,09/06/2014,1
1476,09/07/2014,1
1477,09/10/2014,1
1478,09/12/2014,1
1479,09/17/2014,1
1480,10/05/2014,1
1481,10/06/2014,1
1482,10/10/2014,1
1483,02/08/2015,1
1484,02/21/2015,1
1485,03/13/2015,1
1486,03/14/2015,1
1487,04/01/2015,1
1488,04/02/2015,1
1489,04/03/2015,1
1490,04/30/2015,1
1491,05/17/2015,1
1492,05/28/2015,1
1493,07/13/2015,1
1494,07/28/2015,1
1495,07/29/2015,1
1496,08/07/2015,1
1497,08/14/2015,1
1498,08/16/2015,1
1499,08/20/2015,1
1500,08/21/2015,1
1501,08/28/2015,1
1502,08/29/2015,1
1503,09/01/2015,1
1504,09/03/2015,1
1505,09/05/2015,1
1506,09/06/2015,1
1507,09/07/2015,1
1508,09/10/2015,1
1509,09/11/2015,1
1510,09/13/2015,1
1511,09/15/2015,1
1512,09/16/2015,1
1513,09/20/2015,1
1514,09/21/2015,1
1515,09/22/2015,1
1516,09/23/2015,1
1517,09/25/2015,1
1518,09/30/2015,1
1519,10/02/2015,1
1520,10/03/2015,1
1521,10/04/2015,1
1522,10/11/2015,1
1523,10/14/2015,1
1524,10/21/2015,1
1525,10/27/2015,1
1526,10/29/2015,1
1527,11/02/2015,1
1528,11/07/2015,1
1529,11/09/2015,1
1530,11/11/2015,1
1531,11/26/2015,1
1532,11/30/2015,1
1533,12/09/2015,1
1534,12/22/2015,1
1535,12/28/2015,1
1536,12/31/2015,1
1537,01/11/2016,1
1538,01/16/2016,1
1539,01/19/2016,1
1540,01/20/2016,1
1541,01/28/2016,1
1542,02/02/2016,1
1543,02/11/2016,1
1544,02/19/2016,1
1545,02/23/2016,1
1546,03/01/2016,1
1547,03/04/2016,1
1548,03/15/2016,1
1549,03/24/2016,1
1550,03/29/2016,1
1551,04/01/2016,1
1552,04/20/2016,1
1553,04/21/2016,1
1554,04/25/2016,1
1555,05/12/2016,1
1556,06/20/2016,1
1557,06/29/2016,1
1558,07/07/2016,1
1559,07/08/2016,1
1560,07/18/2016,1
1561,07/19/2016,1
1562,07/24/2016,1
1563,07/25/2016,1
1564,07/29/2016,1
1565,08/04/2016,1
1566,08/06/2016,1
1567,08/08/2016,1
1568,08/17/2016,1
1569,08/18/2016,1
1570,08/19/2016,1
1571,08/23/2016,1
1572,08/30/2016,1
1573,09/02/2016,1
1574,09/18/2016,1
1575,09/27/2016,1
1576,10/02/2016,1
1577,10/08/2016,1
1578,10/10/2016,1
1579,10/14/2016,1
1580,10/18/2016,1
1581,10/23/2016,1
1582,11/03/2016,1
1583,11/04/2016,1
1584,11/05/2016,1
1585,11/11/2016,1
1586,11/13/2016,1
1587,11/14/2016,1
1588,11/16/2016,1
1589,11/24/2016,1
1590,11/25/2016,1
1591,11/28/2016,1
1592,11/29/2016,1
1593,11/30/2016,1
1594,12/02/2016,1
1595,12/03/2016,1
1596,12/06/2016,1
1597,12/10/2016,1
1598,12/13/2016,1
1599,12/14/2016,1
1600,12/19/2016,1
1601,12/20/2016,1
1602,12/21/2016,1
1603,12/24/2016,1
1604,12/27/2016,1
1605,12/28/2016,1
1606,12/29/2016,1
1607,01/02/2017,1
1608,01/06/2017,1
1609,01/13/2017,1
1610,01/19/2017,1
1611,01/22/2017,1
1612,01/25/2017,1
1613,01/28/2017,1
1614,02/08/2017,1
1615,02/16/2017,1
1616,02/19/2017,1
1617,03/08/2017,1
1618,03/09/2017,1
1619,03/14/2017,1
1620,03/15/2017,1
1621,03/17/2017,1
1622,03/22/2017,1
1623,03/30/2017,1
1624,04/03/2017,1
1625,04/04/2017,1
1626,04/05/2017,1
1627,04/09/2017,1
1628,04/13/2017,1
1629,04/14/2017,1
1630,04/15/2017,1
1631,04/19/2017,1
1632,04/23/2017,1
1633,04/24/2017,1
1634,04/27/2017,1
1635,04/29/2017,1
1636,04/30/2017,1
1637,05/03/2017,1
1638,05/09/2017,1
1639,05/10/2017,1
1640,05/11/2017,1
1641,05/16/2017,1
1642,05/22/2017,1
1643,05/23/2017,1
1644,05/29/2017,1
1645,05/30/2017,1
1646,05/31/2017,1
1647,06/15/2017,1
1648,06/16/2017,1
1649,06/17/2017,1
1650,06/22/2017,1
1651,06/24/2017,1
1652,06/30/2017,1
1653,07/05/2017,1
1654,07/07/2017,1
1655,07/13/2017,1
1656,07/17/2017,1
1657,07/18/2017,1
1658,07/19/2017,1
1659,07/21/2017,1
1660,08/01/2017,1
1661,08/02/2017,1
1662,08/05/2017,1
1663,08/07/2017,1
1664,08/14/2017,1
1665,08/16/2017,1
1666,08/18/2017,1
1667,08/19/2017,1
1668,08/25/2017,1
1669,08/26/2017,1
1670,08/27/2017,1
1671,09/02/2017,1
1672,09/13/2017,1
1673,09/14/2017,1
1674,09/15/2017,1
1675,09/17/2017,1
1676,09/25/2017,1
1677,09/27/2017,1
1678,09/29/2017,1
1679,09/30/2017,1
1680,10/01/2017,1
1681,10/05/2017,1
1682,10/08/2017,1
1683,10/15/2017,1
1684,10/20/2017,1
1685,10/26/2017,1
1686,10/27/2017,1
1687,11/02/2017,1
1688,11/04/2017,1
1689,11/09/2017,1
1690,11/12/2017,1
1691,11/13/2017,1
1692,11/14/2017,1
1693,11/16/2017,1
1694,11/18/2017,1
1695,11/23/2017,1
1696,11/24/2017,1
1697,11/30/2017,1
1698,12/01/2017,1
1699,12/02/2017,1
1700,12/06/2017,1
1701,12/12/2017,1
1702,12/25/2017,1
1703,12/26/2017,1
1704,12/28/2017,1
1705,01/01/2018,1
1706,01/12/2018,1
1707,01/14/2018,1
1708,01/16/2018,1
1709,01/17/2018,1
1710,01/18/2018,1
1711,02/06/2018,1
1712,02/19/2018,1
1713,03/02/2018,1
1714,03/04/2018,1
1715,03/05/2018,1
1716,03/06/2018,1
1717,03/11/2018,1
1718,03/14/2018,1
1719,03/17/2018,1
1720,03/25/2018,1
1721,04/01/2018,1
1722,04/05/2018,1
1723,04/13/2018,1
1724,04/16/2018,1
1725,04/21/2018,1
1726,04/27/2018,1
1727,04/29/2018,1
1728,04/30/2018,1
1729,05/12/2018,1
1730,05/14/2018,1
1731,05/18/2018,1
1732,05/19/2018,1
1733,06/12/2018,1
1734,06/13/2018,1
1735,06/15/2018,1
1736,06/20/2018,1
1737,06/22/2018,1
1738,06/23/2018,1
1739,06/30/2018,1
1740,07/02/2018,1
1741,07/11/2018,1
1742,07/12/2018,1
1743,07/13/2018,1
1744,07/15/2018,1
1745,08/04/2018,1
1746,08/05/2018,1
1747,08/06/2018,1
1748,08/07/2018,1
1749,08/08/2018,1
1750,08/12/2018,1
1751,08/13/2018,1
1752,08/17/2018,1
1753,08/21/2018,1
1754,08/22/2018,1
1755,09/03/2018,1
1756,09/13/2018,1
1757,09/16/2018,1
1758,09/20/2018,1
1759,10/09/2018,1
1760,10/12/2018,1
1761,10/20/2018,1
1762,10/21/2018,1
1763,10/25/2018,1
1764,10/28/2018,1
1765,10/29/2018,1
1766,11/04/2018,1
1767,11/06/2018,1
1768,11/09/2018,1
1769,11/23/2018,1
1770,12/13/2018,1
1771,12/22/2018,1
1772,12/26/2018,1
1773,01/03/2019,1
1774,01/05/2019,1
1775,01/08/2019,1
1776,01/11/2019,1
1777,01/12/2019,1
1778,01/15/2019,1
1779,01/17/2019,1
1780,01/18/2019,1
1781,01/24/2019,1
1782,01/28/2019,1
1783,01/30/2019,1
1784,02/02/2019,1
1785,02/03/2019,1
1786,02/05/2019,1
1787,02/07/2019,1
1788,02/08/2019,1
1789,02/10/2019,1
1790,02/12/2019,1
1791,02/16/2019,1
1792,02/17/2019,1
1793,02/18/2019,1
1794,02/23/2019,1
1795,02/27/2019,1
1796,03/01/2019,1
1797,03/15/2019,1
1798,03/16/2019,1
1799,03/22/2019,1
1800,03/23/2019,1
1801,03/29/2019,1
1802,04/02/2019,1
1803,04/05/2019,1
1804,04/07/2019,1
1805,04/13/2019,1
1806,04/17/2019,1
1807,04/22/2019,1
1808,04/23/2019,1
1809,04/25/2019,1
1810,04/29/2019,1
1811,05/08/2019,1
1812,05/10/2019,1
1813,05/11/2019,1
1814,05/14/2019,1
1815,05/15/2019,1
1816,05/18/2019,1
1817,05/24/2019,1
1818,05/25/2019,1
1819,05/27/2019,1
1820,05/28/2019,1
1821,06/01/2019,1
1822,06/07/2019,1
1823,06/11/2019,1
1824,06/12/2019,1
1825,06/20/2019,1
1826,06/26/2019,1
1827,06/27/2019,1
1828,06/28/2019,1
1829,07/04/2019,1
1830,07/06/2019,1
1831,07/07/2019,1
1832,07/08/2019,1
1833,07/13/2019,1
1834,07/14/2019,1
1835,07/17/2019,1
1836,07/18/2019,1
1837,07/19/2019,1
1838,07/20/2019,1
1839,07/21/2019,1
1840,07/22/2019,1
1841,07/25/2019,1
1842,07/26/2019,1
1843,07/27/2019,1
1844,07/28/2019,1
1845,07/30/2019,1
1846,07/31/2019,1
1847,08/08/2019,1
1848,08/12/2019,1
1849,08/13/2019,1
1850,08/18/2019,1
1851,08/23/2019,1
1852,08/24/2019,1
1853,08/26/2019,1
1854,08/29/2019,1
1855,08/31/2019,1
1856,09/20/2019,1
1857,09/30/2019,1
1858,11/14/2019,1
1859,11/16/2019,1
1860,11/17/2019,1
1861,11/18/2019,1
1862,11/28/2019,1
1863,12/01/2019,1
1864,12/05/2019,1
1865,12/08/2019,1
1866,12/10/2019,1
1867,12/11/2019,1
1868,12/12/2019,1
1869,12/14/2019,1
1870,12/19/2019,1
1871,12/21/2019,1
1872,12/24/2019,1
1873,12/26/2019,1
1874,12/28/2019,1
1875,12/29/2019,1
1876,12/30/2019,1
1877,01/04/2020,1
1878,01/07/2020,1
1879,01/11/2020,1
1880,01/14/2020,1
1881,01/19/2020,1
1882,01/22/2020,1
1883,01/24/2020,1
1884,01/30/2020,1
1885,01/31/2020,1
1886,02/03/2020,1
1887,02/04/2020,1
1888,02/10/2020,1
1889,02/11/2020,1
1890,02/12/2020,1
1891,02/13/2020,1
1892,02/22/2020,1
1893,02/29/2020,1
1894,03/01/2020,1
1895,03/07/2020,1
1896,03/13/2020,1
1897,03/17/2020,1
1898,03/18/2020,1
1899,03/19/2020,1
1900,03/20/2020,1
1901,03/31/2020,1
1902,04/01/2020,1
1903,04/04/2020,1
1904,04/09/2020,1
1905,04/21/2020,1
1906,04/25/2020,1
1907,04/26/2020,1
1908,04/29/2020,1
1909,05/13/2020,1
1910,05/23/2020,1
1911,05/25/2020,1
1912,05/26/2020,1
1913,05/27/2020,1
1914,05/28/2020,1
1915,06/02/2020,1
1916,06/03/2020,1
1917,06/05/2020,1
1918,06/06/2020,1
1919,06/12/2020,1
1920,06/15/2020,1
1921,06/17/2020,1
1922,06/19/2020,1
1923,06/21/2020,1
1924,06/24/2020,1
1925,06/25/2020,1
1926,06/27/2020,1
1927,07/02/2020,1
1928,07/06/2020,1
1929,07/27/2020,1
1930,07/28/2020,1
1931,08/02/2020,1
1932,08/03/2020,1
1933,08/05/2020,1
1934,08/06/2020,1
1935,08/07/2020,1
1936,08/09/2020,1
1937,08/11/2020,1
1938,08/12/2020,1
1939,08/13/2020,1
1940,08/17/2020,1
1941,08/22/2020,1
1942,08/24/2020,1
1943,08/26/2020,1
1944,08/27/2020,1
1945,08/28/2020,1
1946,08/30/2020,1
1947,09/01/2020,1
1948,09/03/2020,1
1949,09/08/2020,1
1950,09/16/2020,1
1951,09/17/2020,1
1952,09/18/2020,1
1953,11/13/2020,1
1954,12/30/2020,1
1955,01/12/2021,1
1956,02/03/2021,1
1957,02/22/2021,1
1958,02/23/2021,1
1959,02/25/2021,1
1960,02/26/2021,1
1961,03/03/2021,1
1962,03/11/2021,1
1963,03/13/2021,1
1964,03/14/2021,1
1965,03/19/2021,1
1966,03/21/2021,1
1967,03/27/2021,1
1968,04/03/2021,1
1969,04/07/2021,1
1970,04/13/2021,1
1971,04/18/2021,1
1972,04/19/2021,1
1973,04/22/2021,1
1974,04/23/2021,1
1975,04/25/2021,1
1976,04/26/2021,1
1977,04/27/2021,1
1978,05/02/2021,1
1979,05/03/2021,1
1980,05/04/2021,1
1981,05/05/2021,1
1982,05/09/2021,1
1983,05/10/2021,1
1984,05/14/2021,1
1985,05/15/2021,1
1986,05/17/2021,1
1987,05/18/2021,1
1988,05/19/2021,1
1989,05/27/2021,1
1990,05/28/2021,1
1991,05/29/2021,1
1992,06/01/2021,1
1993,06/05/2021,1
1994,06/06/2021,1
1995,06/07/2021,1
1996,06/12/2021,1
1997,06/18/2021,1
1998,06/27/2021,1
1999,07/02/2021,1
2000,07/03/2021,1
2001,07/06/2021,1
2002,07/13/2021,1
2003,07/14/2021,1
2004,07/16/2021,1
2005,07/23/2021,1
2006,07/27/2021,1
2007,07/29/2021,1
2008,07/31/2021,1
2009,08/03/2021,1
2010,08/04/2021,1
2011,08/06/2021,1
2012,08/12/2021,1
2013,08/23/2021,1
2014,08/24/2021,1
2015,08/25/2021,1
2016,08/28/2021,1
2017,08/31/2021,1
2018,09/02/2021,1
2019,09/05/2021,1
2020,09/06/2021,1
2021,09/08/2021,1
2022,09/11/2021,1
2023,09/15/2021,1
2024,09/16/2021,1
2025,11/24/2021,1
2026,11/26/2021,1
2027,12/05/2021,1
2028,12/15/2021,1
2029,12/31/2021,1
2030,01/05/2022,1
2031,01/06/2022,1
2032,01/09/2022,1
2033,01/11/2022,1
2034,01/14/2022,1
2035,01/16/2022,1
2036,01/17/2022,1
2037,01/23/2022,1
2038,01/24/2022,1
2039,01/25/2022,1
2040,01/26/2022,1
2041,01/28/2022,1
2042,01/29/2022,1
2043,02/01/2022,1
2044,02/06/2022,1
2045,02/08/2022,1
2046,02/14/2022,1
2047,02/20/2022,1
2048,03/04/2022,1
2049,03/06/2022,1
2050,03/07/2022,1
2051,03/08/2022,1
2052,03/12/2022,1
2053,03/16/2022,1
2054,03/18/2022,1
2055,03/19/2022,1
2056,03/25/2022,1
2057,03/26/2022,1
2058,03/29/2022,1
2059,03/30/2022,1
2060,04/06/2022,1
2061,04/07/2022,1
2062,04/11/2022,1
2063,04/12/2022,1
2064,04/13/2022,1
2065,04/18/2022,1
2066,04/19/2022,1
2067,04/20/2022,1
2068,04/22/2022,1
2069,04/26/2022,1
2070,04/27/2022,1
2071,04/29/2022,1
2072,04/30/2022,1
2073,05/01/2022,1
2074,05/05/2022,1
2075,05/06/2022,1
2076,05/08/2022,1
2077,05/09/2022,1
2078,05/10/2022,1
2079,05/13/2022,1
2080,05/14/2022,1
2081,05/20/2022,1
2082,05/22/2022,1
2083,05/28/2022,1
2084,06/02/2022,1
2085,06/03/2022,1
2086,06/13/2022,1
2087,06/19/2022,1
2088,07/03/2022,1
2089,07/04/2022,1
2090,07/09/2022,1
2091,07/17/2022,1
2092,07/18/2022,1
2093,07/19/2022,1
2094,07/20/2022,1
2095,07/22/2022,1
2096,07/30/2022,1
2097,08/03/2022,1
2098,08/05/2022,1
2099,08/07/2022,1
2100,08/12/2022,1
2101,08/17/2022,1
2102,08/22/2022,1
2103,08/25/2022,1
2104,09/07/2022,1
2105,09/08/2022,1
2106,09/10/2022,1
2107,10/24/2022,1
2108,11/05/2022,1
2109,11/22/2022,1
2110,11/24/2022,1
2111,11/26/2022,1
2112,12/01/2022,1
2113,12/02/2022,1
2114,12/04/2022,1
2115,12/11/2022,1
2116,12/12/2022,1
2117,12/17/2022,1
2118,12/18/2022,1
2119,12/22/2022,1
2120,12/31/2022,1
2121,01/02/2023,1
2122,01/03/2023,1
2123,01/08/2023,1
2124,01/09/2023,1
2125,01/13/2023,1
2126,01/14/2023,1
2127,01/19/2023,1
2128,01/20/2023,1
2129,01/26/2023,1
2130,01/28/2023,1
2131,01/29/2023,1
2132,02/01/2023,1
2133,02/04/2023,1
2134,02/07/2023,1
2135,02/11/2023,1
2136,02/12/2023,1
2137,02/14/2023,1
2138,02/15/2023,1
2139,03/01/2023,1
2140,03/03/2023,1
2141,03/07/2023,1
2142,03/10/2023,1
2143,03/12/2023,1
2144,03/13/2023,1
2145,03/14/2023,1
2146,03/17/2023,1
2147,03/19/2023,1
2148,03/23/2023,1
2149,03/24/2023,1
2150,03/25/2023,1
2151,03/26/2023,1
2152,03/29/2023,1
2153,03/31/2023,1
2154,04/02/2023,1
2155,04/09/2023,1
2156,04/10/2023,1
2157,04/13/2023,1
2158,04/14/2023,1
2159,04/16/2023,1
2160,04/21/2023,1
2161,04/24/2023,1
2162,04/26/2023,1
2163,04/30/2023,1
2164,05/02/2023,1
2165,05/03/2023,1
2166,05/05/2023,1
2167,05/10/2023,1
2168,05/18/2023,1
2169,05/19/2023,1
2170,05/21/2023,1
2171,05/22/2023,1
2172,05/28/2023,1
2173,06/01/2023,1
2174,06/05/2023,1
2175,06/06/2023,1
2176,06/07/2023,1
2177,06/22/2023,1
2178,06/23/2023,1
2179,06/24/2023,1
2180,06/26/2023,1
2181,06/27/2023,1
2182,06/30/2023,1
2183,07/01/2023,1
2184,07/02/2023,1
2185,07/10/2023,1
2186,07/12/2023,1
2187,07/13/2023,1
2188,07/17/2023,1
2189,07/22/2023,1
2190,07/24/2023,1
2191,07/28/2023,1
2192,08/02/2023,1
2193,08/04/2023,1
2194,08/05/2023,1
2195,08/06/2023,1
2196,08/19/2023,1
2197,08/21/2023,1
2198,08/22/2023,1
2199,08/25/2023,1
2200,08/29/2023,1
2201,08/31/2023,1
2202,09/02/2023,1
2203,09/03/2023,1
2204,09/09/2023,1
2205,09/10/2023,1
2206,09/13/2023,1
2207,09/16/2023,1
2208,09/20/2023,1
2209,09/22/2023,1
2210,09/28/2023,1
2211,10/14/2023,1
2212,10/19/2023,1
2213,11/15/2023,1
2214,11/24/2023,1
2215,12/05/2023,1
2216,12/12/2023,1
2217,12/16/2023,1
2218,12/21/2023,1
2219,12/26/2023,1
2220,12/31/2023,1
2221,01/07/2024,1
2222,01/09/2024,1
2223,01/13/2024,1
2224,01/14/2024,1
2225,01/15/2024,1
2226,01/17/2024,1
2227,01/19/2024,1
2228,01/22/2024,1
2229,01/25/2024,1
2230,01/27/2024,1
2231,01/29/2024,1
2232,01/31/2024,1
2233,02/03/2024,1
2234,02/04/2024,1
2235,02/12/2024,1
2236,02/13/2024,1
2237,02/15/2024,1
2238,02/16/2024,1
2239,02/18/2024,1
2240,02/22/2024,1
2241,02/24/2024,1
2242,02/25/2024,1
2243,02/28/2024,1
2244,03/11/2024,1
2245,03/18/2024,1
2246,03/21/2024,1
2247,03/22/2024,1
2248,03/24/2024,1
2249,03/31/2024,1
2250,04/02/2024,1
2251,04/03/2024,1
2252,04/07/2024,1
2253,04/08/2024,1
2254,04/09/2024,1
2255,04/10/2024,1
2256,04/12/2024,1
2257,04/15/2024,1
2258,04/18/2024,1
2259,04/19/2024,1
2260,04/23/2024,1
2261,04/24/2024,1
2262,04/28/2024,1
2263,05/03/2024,1
2264,05/13/2024,1
2265,05/14/2024,1
2266,05/17/2024,1
2267,05/18/2024,1
2268,05/21/2024,1
2269,05/23/2024,1
2270,05/27/2024,1
2271,05/28/2024,1
2272,05/29/2024,1
2273,06/01/2024,1
2274,06/02/2024,1
2275,06/03/2024,1
2276,06/05/2024,1
2277,06/09/2024,1
2278,06/13/2024,1
2279,06/16/2024,1
2280,06/18/2024,1
2281,06/20/2024,1
2282,07/08/2024,1
2283,07/21/2024,1
2284,07/31/2024,1
2285,08/10/2024,1
2286,08/14/2024,1
2287,08/28/2024,1
2288,09/01/2024,1
2289,09/03/2024,1
2290,09/07/2024,1
2291,09/09/2024,1
2292,09/10/2024,1
2293,09/12/2024,1
2294,09/13/2024,1
2295,09/17/2024,1
2296,09/18/2024,1
2297,09/21/2024,1
2298,09/27/2024,1
2299,10/06/2024,1
2300,10/17/2024,1
2301,12/04/2024,1
2302,12/05/2024,1
2303,12/07/2024,1
2304,12/13/2024,1
2305,12/17/2024,1
2306,12/20/2024,1
2307,12/21/2024,1
2308,12/22/2024,1
2309,12/24/2024,1
2310,12/29/2024,1
2311,12/30/2024,1
2312,01/05/2025,1
2313,01/11/2025,1
2314,01/14/2025,1
2315,01/17/2025,1
2316,01/25/2025,1
2317,01/30/2025,1
2318,01/31/2025,1
2319,02/01/2025,1
2320,02/02/2025,1
2321,02/03/2025,1
2322,02/08/2025,1
2323,02/12/2025,1
2324,02/16/2025,1
2325,02/17/2025,1
2326,03/15/2025,1
2327,03/17/2025,1
2328,03/19/2025,1
2329,03/23/2025,1
2330,03/31/2025,1
2331,04/02/2025,1
2332,04/05/2025,1
2333,04/06/2025,1
2334,04/07/2025,1
2335,04/11/2025,1
2336,04/13/2025,1
2337,04/14/2025,1
2338,04/15/2025,1
2339,04/19/2025,1
2340,05/02/2025,1
2341,05/08/2025,1
2342,05/10/2025,1
2343,05/11/2025,1
2344,05/13/2025,1
2345,05/20/2025,1
2346,05/25/2025,1
2347,05/31/2025,1
2348,06/04/2025,1
2349,06/06/2025,1
2350,06/08/2025,1
2351,06/09/2025,1
2352,06/10/2025,1
2353,06/13/2025,1
2354,06/21/2025,1
2355,06/22/2025,1
2356,06/26/2025,1
2357,06/30/2025,1
2358,07/08/2025,1
2359,07/11/2025,1
2360,07/13/2025,1
2361,07/14/2025,1
2362,07/18/2025,1
2363,07/19/2025,1
2364,07/24/2025,1
2365,07/30/2025,1
2366,08/09/2025,1
2367,08/11/2025,1
2368,08/12/2025,1
2369,08/14/2025,1
2370,08/24/2025,1
2371,08/25/2025,1
2372,08/26/2025,1
2373,08/27/2025,1
2374,08/28/2025,1
2375,08/29/2025,1
2376,09/12/2025,1
2377,09/19/2025,1
2378,09/20/2025,1
2379,09/26/2025,1
2380,10/04/2025,1
2381,10/10/2025,1
2382,10/11/2025,1
2383,10/15/2025,1
2384,10/18/2025,1
2385,10/19/2025,1
2386,10/20/2025,1
2387,10/25/2025,1
2388,10/26/2025,1
2389,10/29/2025,1
2390,10/30/2025,1
2391,10/31/2025,1
2392,11/17/2025,1
2393,11/18/2025,1
2394,11/21/2025,1
2395,11/25/2025,1
2396,11/26/2025,1
2397,11/28/2025,1
2398,11/30/2025,1
2399,12/08/2025,1
2400,12/13/2025,1
2401,12/14/2025,1
2402,12/15/2025,1
2403,12/16/2025,1
2404,12/18/2025,1
2405,12/20/2025,1
2406,12/31/2025,1
2407,01/01/2026,1
2408,01/03/2026,1
2409,01/04/2026,1
2410,01/05/2026,1
2411,01/07/2026,1
2412,01/09/2026,1
2413,01/16/2026,1
2414,01/25/2026,1
2415,01/27/2026,1
2416,01/28/2026,1
2417,01/31/2026,1
2418,02/02/2026,1
2419,02/03/2026,1
2420,02/04/2026,1
2421,02/07/2026,1
2422,02/09/2026,1
2423,02/10/2026,1
2424,02/12/2026,1
2425,02/13/2026,1
2426,02/20/2026,1
2427,02/25/2026,1
2428,03/11/2026,1
2429,03/15/2026,1
2430,03/18/2026,1
2431,03/23/2026,1
2432,03/27/2026,1
2433,04/02/2026,1
2434,04/05/2026,1
2435,04/07/2026,1
2436,04/08/2026,1
2437,04/10/2026,1
2438,04/11/2026,1
2439,04/14/2026,1
2440,04/15/2026,1
2441,04/17/2026,1
2442,04/20/2026,1
2443,04/22/2026,1
2444,04/24/2026,1
2445,04/25/2026,1
2446,04/27/2026,1
2447,04/28/2026,1
2448,05/01/2026,1
2449,05/04/2026,1
2450,05/05/2026,1
2451,05/11/2026,1
2452,05/13/2026,1
2453,05/16/2026,1
2454,05/18/2026,1
2455,06/10/2026,1
2456,06/13/2026,1
2457,06/15/2026,1
2458,06/17/2026,1
2459,06/20/2026,1
2460,06/26/2026,1
2461,06/27/2026,1
2462,07/13/2026,1
2463,07/14/2026,1
2464,07/19/2026,1
