technical,date,day_offset,value,phase,lift_pc
victoria sandwich,2010-08-10,-7,25.97,baseline,107%
victoria sandwich,2010-08-11,-6,25.97,baseline,107%
victoria sandwich,2010-08-12,-5,25.97,baseline,107%
victoria sandwich,2010-08-13,-4,25.97,baseline,107%
victoria sandwich,2010-08-14,-3,25.97,baseline,107%
victoria sandwich,2010-08-15,-2,25.97,baseline,107%
victoria sandwich,2010-08-16,-1,25.97,baseline,107%
victoria sandwich,2010-08-17,0,80.62,spike,107%
victoria sandwich,2010-08-18,1,53.75,post_event_plateau,107%
victoria sandwich,2010-08-19,2,53.75,post_event_plateau,107%
victoria sandwich,2010-08-20,3,53.75,post_event_plateau,107%
victoria sandwich,2010-08-21,4,53.75,post_event_plateau,107%
victoria sandwich,2010-08-22,5,53.75,post_event_plateau,107%
victoria sandwich,2010-08-23,6,53.75,post_event_plateau,107%
victoria sandwich,2010-08-24,7,53.75,post_event_plateau,107%
scones,2010-08-17,-7,10.73,baseline,331%
scones,2010-08-18,-6,10.73,baseline,331%
scones,2010-08-19,-5,10.73,baseline,331%
scones,2010-08-20,-4,10.73,baseline,331%
scones,2010-08-21,-3,10.73,baseline,331%
scones,2010-08-22,-2,10.73,baseline,331%
scones,2010-08-23,-1,10.73,baseline,331%
scones,2010-08-24,0,69.38,spike,331%
scones,2010-08-25,1,46.25,post_event_plateau,331%
scones,2010-08-26,2,46.25,post_event_plateau,331%
scones,2010-08-27,3,46.25,post_event_plateau,331%
scones,2010-08-28,4,46.25,post_event_plateau,331%
scones,2010-08-29,5,46.25,post_event_plateau,331%
scones,2010-08-30,6,46.25,post_event_plateau,331%
scones,2010-08-31,7,46.25,post_event_plateau,331%
focaccia,2011-08-23,-7,0.0,baseline,New Interest
focaccia,2011-08-24,-6,0.0,baseline,New Interest
focaccia,2011-08-25,-5,0.0,baseline,New Interest
focaccia,2011-08-26,-4,0.0,baseline,New Interest
focaccia,2011-08-27,-3,0.0,baseline,New Interest
focaccia,2011-08-28,-2,0.0,baseline,New Interest
focaccia,2011-08-29,-1,0.0,baseline,New Interest
focaccia,2011-08-30,0,18.75,spike,New Interest
focaccia,2011-08-31,1,12.5,post_event_plateau,New Interest
focaccia,2011-09-01,2,12.5,post_event_plateau,New Interest
focaccia,2011-09-02,3,12.5,post_event_plateau,New Interest
focaccia,2011-09-03,4,12.5,post_event_plateau,New Interest
focaccia,2011-09-04,5,12.5,post_event_plateau,New Interest
focaccia,2011-09-05,6,12.5,post_event_plateau,New Interest
focaccia,2011-09-06,7,12.5,post_event_plateau,New Interest
 miniature pork pies,2011-09-06,-7,0.0,baseline,New Interest
 miniature pork pies,2011-09-07,-6,0.0,baseline,New Interest
 miniature pork pies,2011-09-08,-5,0.0,baseline,New Interest
 miniature pork pies,2011-09-09,-4,0.0,baseline,New Interest
 miniature pork pies,2011-09-10,-3,0.0,baseline,New Interest
 miniature pork pies,2011-09-11,-2,0.0,baseline,New Interest
 miniature pork pies,2011-09-12,-1,0.0,baseline,New Interest
 miniature pork pies,2011-09-13,0,18.75,spike,New Interest
 miniature pork pies,2011-09-14,1,12.5,post_event_plateau,New Interest
 miniature pork pies,2011-09-15,2,12.5,post_event_plateau,New Interest
 miniature pork pies,2011-09-16,3,12.5,post_event_plateau,New Interest
 miniature pork pies,2011-09-17,4,12.5,post_event_plateau,New Interest
 miniature pork pies,2011-09-18,5,12.5,post_event_plateau,New Interest
 miniature pork pies,2011-09-19,6,12.5,post_event_plateau,New Interest
 miniature pork pies,2011-09-20,7,12.5,post_event_plateau,New Interest
treacle tart,2012-08-21,-7,0.0,baseline,New Interest
treacle tart,2012-08-22,-6,0.0,baseline,New Interest
treacle tart,2012-08-23,-5,0.0,baseline,New Interest
treacle tart,2012-08-24,-4,0.0,baseline,New Interest
treacle tart,2012-08-25,-3,0.0,baseline,New Interest
treacle tart,2012-08-26,-2,0.0,baseline,New Interest
treacle tart,2012-08-27,-1,0.0,baseline,New Interest
treacle tart,2012-08-28,0,35.82,spike,New Interest
treacle tart,2012-08-29,1,23.88,post_event_plateau,New Interest
treacle tart,2012-08-30,2,23.88,post_event_plateau,New Interest
treacle tart,2012-08-31,3,23.88,post_event_plateau,New Interest
treacle tart,2012-09-01,4,23.88,post_event_plateau,New Interest
treacle tart,2012-09-02,5,23.88,post_event_plateau,New Interest
treacle tart,2012-09-03,6,23.88,post_event_plateau,New Interest
treacle tart,2012-09-04,7,23.88,post_event_plateau,New Interest
queen of puddings,2012-09-11,-7,0.0,baseline,New Interest
queen of puddings,2012-09-12,-6,0.0,baseline,New Interest
queen of puddings,2012-09-13,-5,0.0,baseline,New Interest
queen of puddings,2012-09-14,-4,0.0,baseline,New Interest
queen of puddings,2012-09-15,-3,0.0,baseline,New Interest
queen of puddings,2012-09-16,-2,0.0,baseline,New Interest
queen of puddings,2012-09-17,-1,0.0,baseline,New Interest
queen of puddings,2012-09-18,0,18.75,spike,New Interest
queen of puddings,2012-09-19,1,12.5,post_event_plateau,New Interest
queen of puddings,2012-09-20,2,12.5,post_event_plateau,New Interest
queen of puddings,2012-09-21,3,12.5,post_event_plateau,New Interest
queen of puddings,2012-09-22,4,12.5,post_event_plateau,New Interest
queen of puddings,2012-09-23,5,12.5,post_event_plateau,New Interest
queen of puddings,2012-09-24,6,12.5,post_event_plateau,New Interest
queen of puddings,2012-09-25,7,12.5,post_event_plateau,New Interest
 fondant fancies,2012-10-09,-7,0.0,baseline,New Interest
 fondant fancies,2012-10-10,-6,0.0,baseline,New Interest
 fondant fancies,2012-10-11,-5,0.0,baseline,New Interest
 fondant fancies,2012-10-12,-4,0.0,baseline,New Interest
 fondant fancies,2012-10-13,-3,0.0,baseline,New Interest
 fondant fancies,2012-10-14,-2,0.0,baseline,New Interest
 fondant fancies,2012-10-15,-1,0.0,baseline,New Interest
 fondant fancies,2012-10-16,0,42.57,spike,New Interest
 fondant fancies,2012-10-17,1,28.38,post_event_plateau,New Interest
 fondant fancies,2012-10-18,2,28.38,post_event_plateau,New Interest
 fondant fancies,2012-10-19,3,28.38,post_event_plateau,New Interest
 fondant fancies,2012-10-20,4,28.38,post_event_plateau,New Interest
 fondant fancies,2012-10-21,5,28.38,post_event_plateau,New Interest
 fondant fancies,2012-10-22,6,28.38,post_event_plateau,New Interest
 fondant fancies,2012-10-23,7,28.38,post_event_plateau,New Interest
 florentines,2014-08-06,-7,0.0,baseline,New Interest
 florentines,2014-08-07,-6,0.0,baseline,New Interest
 florentines,2014-08-08,-5,0.0,baseline,New Interest
 florentines,2014-08-09,-4,0.0,baseline,New Interest
 florentines,2014-08-10,-3,0.0,baseline,New Interest
 florentines,2014-08-11,-2,0.0,baseline,New Interest
 florentines,2014-08-12,-1,0.0,baseline,New Interest
 florentines,2014-08-13,0,38.82,spike,New Interest
 florentines,2014-08-14,1,25.88,post_event_plateau,New Interest
 florentines,2014-08-15,2,25.88,post_event_plateau,New Interest
 florentines,2014-08-16,3,25.88,post_event_plateau,New Interest
 florentines,2014-08-17,4,25.88,post_event_plateau,New Interest
 florentines,2014-08-18,5,25.88,post_event_plateau,New Interest
 florentines,2014-08-19,6,25.88,post_event_plateau,New Interest
 florentines,2014-08-20,7,25.88,post_event_plateau,New Interest
 ginger biscuits,2017-10-24,-7,2.53,baseline,393%
 ginger biscuits,2017-10-25,-6,2.53,baseline,393%
 ginger biscuits,2017-10-26,-5,2.53,baseline,393%
 ginger biscuits,2017-10-27,-4,2.53,baseline,393%
 ginger biscuits,2017-10-28,-3,2.53,baseline,393%
 ginger biscuits,2017-10-29,-2,2.53,baseline,393%
 ginger biscuits,2017-10-30,-1,2.53,baseline,393%
 ginger biscuits,2017-10-31,0,18.75,spike,393%
 ginger biscuits,2017-11-01,1,12.5,post_event_plateau,393%
 ginger biscuits,2017-11-02,2,12.5,post_event_plateau,393%
 ginger biscuits,2017-11-03,3,12.5,post_event_plateau,393%
 ginger biscuits,2017-11-04,4,12.5,post_event_plateau,393%
 ginger biscuits,2017-11-05,5,12.5,post_event_plateau,393%
 ginger biscuits,2017-11-06,6,12.5,post_event_plateau,393%
 ginger biscuits,2017-11-07,7,12.5,post_event_plateau,393%
 wagon wheels,2018-08-21,-7,0.0,baseline,New Interest
 wagon wheels,2018-08-22,-6,0.0,baseline,New Interest
 wagon wheels,2018-08-23,-5,0.0,baseline,New Interest
 wagon wheels,2018-08-24,-4,0.0,baseline,New Interest
 wagon wheels,2018-08-25,-3,0.0,baseline,New Interest
 wagon wheels,2018-08-26,-2,0.0,baseline,New Interest
 wagon wheels,2018-08-27,-1,0.0,baseline,New Interest
 wagon wheels,2018-08-28,0,33.18,spike,New Interest
 wagon wheels,2018-08-29,1,22.12,post_event_plateau,New Interest
 wagon wheels,2018-08-30,2,22.12,post_event_plateau,New Interest
 wagon wheels,2018-08-31,3,22.12,post_event_plateau,New Interest
 wagon wheels,2018-09-01,4,22.12,post_event_plateau,New Interest
 wagon wheels,2018-09-02,5,22.12,post_event_plateau,New Interest
 wagon wheels,2018-09-03,6,22.12,post_event_plateau,New Interest
 wagon wheels,2018-09-04,7,22.12,post_event_plateau,New Interest
raspberry blancmange with  langues du chat biscuits,2018-09-11,-7,0.0,baseline,New Interest
raspberry blancmange with  langues du chat biscuits,2018-09-12,-6,0.0,baseline,New Interest
raspberry blancmange with  langues du chat biscuits,2018-09-13,-5,0.0,baseline,New Interest
raspberry blancmange with  langues du chat biscuits,2018-09-14,-4,0.0,baseline,New Interest
raspberry blancmange with  langues du chat biscuits,2018-09-15,-3,0.0,baseline,New Interest
raspberry blancmange with  langues du chat biscuits,2018-09-16,-2,0.0,baseline,New Interest
raspberry blancmange with  langues du chat biscuits,2018-09-17,-1,0.0,baseline,New Interest
raspberry blancmange with  langues du chat biscuits,2018-09-18,0,26.25,spike,New Interest
raspberry blancmange with  langues du chat biscuits,2018-09-19,1,17.5,post_event_plateau,New Interest
raspberry blancmange with  langues du chat biscuits,2018-09-20,2,17.5,post_event_plateau,New Interest
raspberry blancmange with  langues du chat biscuits,2018-09-21,3,17.5,post_event_plateau,New Interest
raspberry blancmange with  langues du chat biscuits,2018-09-22,4,17.5,post_event_plateau,New Interest
raspberry blancmange with  langues du chat biscuits,2018-09-23,5,17.5,post_event_plateau,New Interest
raspberry blancmange with  langues du chat biscuits,2018-09-24,6,17.5,post_event_plateau,New Interest
raspberry blancmange with  langues du chat biscuits,2018-09-25,7,17.5,post_event_plateau,New Interest
vegan tropical fruit pavlova,2018-10-02,-7,6.83,baseline,440%
vegan tropical fruit pavlova,2018-10-03,-6,6.83,baseline,440%
vegan tropical fruit pavlova,2018-10-04,-5,6.83,baseline,440%
vegan tropical fruit pavlova,2018-10-05,-4,6.83,baseline,440%
vegan tropical fruit pavlova,2018-10-06,-3,6.83,baseline,440%
vegan tropical fruit pavlova,2018-10-07,-2,6.83,baseline,440%
vegan tropical fruit pavlova,2018-10-08,-1,6.83,baseline,440%
vegan tropical fruit pavlova,2018-10-09,0,55.32,spike,440%
vegan tropical fruit pavlova,2018-10-10,1,36.88,post_event_plateau,440%
vegan tropical fruit pavlova,2018-10-11,2,36.88,post_event_plateau,440%
vegan tropical fruit pavlova,2018-10-12,3,36.88,post_event_plateau,440%
vegan tropical fruit pavlova,2018-10-13,4,36.88,post_event_plateau,440%
vegan tropical fruit pavlova,2018-10-14,5,36.88,post_event_plateau,440%
vegan tropical fruit pavlova,2018-10-15,6,36.88,post_event_plateau,440%
vegan tropical fruit pavlova,2018-10-16,7,36.88,post_event_plateau,440%
 campfire pita breads,2018-10-23,-7,0.0,baseline,New Interest
 campfire pita breads,2018-10-24,-6,0.0,baseline,New Interest
 campfire pita breads,2018-10-25,-5,0.0,baseline,New Interest
 campfire pita breads,2018-10-26,-4,0.0,baseline,New Interest
 campfire pita breads,2018-10-27,-3,0.0,baseline,New Interest
 campfire pita breads,2018-10-28,-2,0.0,baseline,New Interest
 campfire pita breads,2018-10-29,-1,0.0,baseline,New Interest
 campfire pita breads,2018-10-30,0,18.75,spike,New Interest
 campfire pita breads,2018-10-31,1,12.5,post_event_plateau,New Interest
 campfire pita breads,2018-11-01,2,12.5,post_event_plateau,New Interest
 campfire pita breads,2018-11-02,3,12.5,post_event_plateau,New Interest
 campfire pita breads,2018-11-03,4,12.5,post_event_plateau,New Interest
 campfire pita breads,2018-11-04,5,12.5,post_event_plateau,New Interest
 campfire pita breads,2018-11-05,6,12.5,post_event_plateau,New Interest
 campfire pita breads,2018-11-06,7,12.5,post_event_plateau,New Interest
 angel cake slices,2019-08-20,-7,0.0,baseline,New Interest
 angel cake slices,2019-08-21,-6,0.0,baseline,New Interest
 angel cake slices,2019-08-22,-5,0.0,baseline,New Interest
 angel cake slices,2019-08-23,-4,0.0,baseline,New Interest
 angel cake slices,2019-08-24,-3,0.0,baseline,New Interest
 angel cake slices,2019-08-25,-2,0.0,baseline,New Interest
 angel cake slices,2019-08-26,-1,0.0,baseline,New Interest
 angel cake slices,2019-08-27,0,18.75,spike,New Interest
 angel cake slices,2019-08-28,1,12.5,post_event_plateau,New Interest
 angel cake slices,2019-08-29,2,12.5,post_event_plateau,New Interest
 angel cake slices,2019-08-30,3,12.5,post_event_plateau,New Interest
 angel cake slices,2019-08-31,4,12.5,post_event_plateau,New Interest
 angel cake slices,2019-09-01,5,12.5,post_event_plateau,New Interest
 angel cake slices,2019-09-02,6,12.5,post_event_plateau,New Interest
 angel cake slices,2019-09-03,7,12.5,post_event_plateau,New Interest
 raspberry éclairs &  salted caramel éclairs,2020-10-13,-7,0.0,baseline,New Interest
 raspberry éclairs &  salted caramel éclairs,2020-10-14,-6,0.0,baseline,New Interest
 raspberry éclairs &  salted caramel éclairs,2020-10-15,-5,0.0,baseline,New Interest
 raspberry éclairs &  salted caramel éclairs,2020-10-16,-4,0.0,baseline,New Interest
 raspberry éclairs &  salted caramel éclairs,2020-10-17,-3,0.0,baseline,New Interest
 raspberry éclairs &  salted caramel éclairs,2020-10-18,-2,0.0,baseline,New Interest
 raspberry éclairs &  salted caramel éclairs,2020-10-19,-1,0.0,baseline,New Interest
 raspberry éclairs &  salted caramel éclairs,2020-10-20,0,40.5,spike,New Interest
 raspberry éclairs &  salted caramel éclairs,2020-10-21,1,27.0,post_event_plateau,New Interest
 raspberry éclairs &  salted caramel éclairs,2020-10-22,2,27.0,post_event_plateau,New Interest
 raspberry éclairs &  salted caramel éclairs,2020-10-23,3,27.0,post_event_plateau,New Interest
 raspberry éclairs &  salted caramel éclairs,2020-10-24,4,27.0,post_event_plateau,New Interest
 raspberry éclairs &  salted caramel éclairs,2020-10-25,5,27.0,post_event_plateau,New Interest
 raspberry éclairs &  salted caramel éclairs,2020-10-26,6,27.0,post_event_plateau,New Interest
 raspberry éclairs &  salted caramel éclairs,2020-10-27,7,27.0,post_event_plateau,New Interest
danish kransekake cornucopia cake,2020-11-10,-7,0.0,baseline,New Interest
danish kransekake cornucopia cake,2020-11-11,-6,0.0,baseline,New Interest
danish kransekake cornucopia cake,2020-11-12,-5,0.0,baseline,New Interest
danish kransekake cornucopia cake,2020-11-13,-4,0.0,baseline,New Interest
danish kransekake cornucopia cake,2020-11-14,-3,0.0,baseline,New Interest
danish kransekake cornucopia cake,2020-11-15,-2,0.0,baseline,New Interest
danish kransekake cornucopia cake,2020-11-16,-1,0.0,baseline,New Interest
danish kransekake cornucopia cake,2020-11-17,0,18.75,spike,New Interest
danish kransekake cornucopia cake,2020-11-18,1,12.5,post_event_plateau,New Interest
danish kransekake cornucopia cake,2020-11-19,2,12.5,post_event_plateau,New Interest
danish kransekake cornucopia cake,2020-11-20,3,12.5,post_event_plateau,New Interest
danish kransekake cornucopia cake,2020-11-21,4,12.5,post_event_plateau,New Interest
danish kransekake cornucopia cake,2020-11-22,5,12.5,post_event_plateau,New Interest
danish kransekake cornucopia cake,2020-11-23,6,12.5,post_event_plateau,New Interest
danish kransekake cornucopia cake,2020-11-24,7,12.5,post_event_plateau,New Interest
malt loaf,2021-09-14,-7,0.0,baseline,New Interest
malt loaf,2021-09-15,-6,0.0,baseline,New Interest
malt loaf,2021-09-16,-5,0.0,baseline,New Interest
malt loaf,2021-09-17,-4,0.0,baseline,New Interest
malt loaf,2021-09-18,-3,0.0,baseline,New Interest
malt loaf,2021-09-19,-2,0.0,baseline,New Interest
malt loaf,2021-09-20,-1,0.0,baseline,New Interest
malt loaf,2021-09-21,0,43.68,spike,New Interest
malt loaf,2021-09-22,1,29.12,post_event_plateau,New Interest
malt loaf,2021-09-23,2,29.12,post_event_plateau,New Interest
malt loaf,2021-09-24,3,29.12,post_event_plateau,New Interest
malt loaf,2021-09-25,4,29.12,post_event_plateau,New Interest
malt loaf,2021-09-26,5,29.12,post_event_plateau,New Interest
malt loaf,2021-09-27,6,29.12,post_event_plateau,New Interest
malt loaf,2021-09-28,7,29.12,post_event_plateau,New Interest
red velvet cake,2022-09-06,-7,3.97,baseline,1186%
red velvet cake,2022-09-07,-6,3.97,baseline,1186%
red velvet cake,2022-09-08,-5,3.97,baseline,1186%
red velvet cake,2022-09-09,-4,3.97,baseline,1186%
red velvet cake,2022-09-10,-3,3.97,baseline,1186%
red velvet cake,2022-09-11,-2,3.97,baseline,1186%
red velvet cake,2022-09-12,-1,3.97,baseline,1186%
red velvet cake,2022-09-13,0,76.5,spike,1186%
red velvet cake,2022-09-14,1,51.0,post_event_plateau,1186%
red velvet cake,2022-09-15,2,51.0,post_event_plateau,1186%
red velvet cake,2022-09-16,3,51.0,post_event_plateau,1186%
red velvet cake,2022-09-17,4,51.0,post_event_plateau,1186%
red velvet cake,2022-09-18,5,51.0,post_event_plateau,1186%
red velvet cake,2022-09-19,6,51.0,post_event_plateau,1186%
red velvet cake,2022-09-20,7,51.0,post_event_plateau,1186%
 custard creams,2023-09-26,-7,0.0,baseline,New Interest
 custard creams,2023-09-27,-6,0.0,baseline,New Interest
 custard creams,2023-09-28,-5,0.0,baseline,New Interest
 custard creams,2023-09-29,-4,0.0,baseline,New Interest
 custard creams,2023-09-30,-3,0.0,baseline,New Interest
 custard creams,2023-10-01,-2,0.0,baseline,New Interest
 custard creams,2023-10-02,-1,0.0,baseline,New Interest
 custard creams,2023-10-03,0,18.75,spike,New Interest
 custard creams,2023-10-04,1,12.5,post_event_plateau,New Interest
 custard creams,2023-10-05,2,12.5,post_event_plateau,New Interest
 custard creams,2023-10-06,3,12.5,post_event_plateau,New Interest
 custard creams,2023-10-07,4,12.5,post_event_plateau,New Interest
 custard creams,2023-10-08,5,12.5,post_event_plateau,New Interest
 custard creams,2023-10-09,6,12.5,post_event_plateau,New Interest
 custard creams,2023-10-10,7,12.5,post_event_plateau,New Interest
 devonshire splits,2023-10-03,-7,0.0,baseline,New Interest
 devonshire splits,2023-10-04,-6,0.0,baseline,New Interest
 devonshire splits,2023-10-05,-5,0.0,baseline,New Interest
 devonshire splits,2023-10-06,-4,0.0,baseline,New Interest
 devonshire splits,2023-10-07,-3,0.0,baseline,New Interest
 devonshire splits,2023-10-08,-2,0.0,baseline,New Interest
 devonshire splits,2023-10-09,-1,0.0,baseline,New Interest
 devonshire splits,2023-10-10,0,18.75,spike,New Interest
 devonshire splits,2023-10-11,1,12.5,post_event_plateau,New Interest
 devonshire splits,2023-10-12,2,12.5,post_event_plateau,New Interest
 devonshire splits,2023-10-13,3,12.5,post_event_plateau,New Interest
 devonshire splits,2023-10-14,4,12.5,post_event_plateau,New Interest
 devonshire splits,2023-10-15,5,12.5,post_event_plateau,New Interest
 devonshire splits,2023-10-16,6,12.5,post_event_plateau,New Interest
 devonshire splits,2023-10-17,7,12.5,post_event_plateau,New Interest
dauphinoise pithivier,2023-10-17,-7,0.0,baseline,New Interest
dauphinoise pithivier,2023-10-18,-6,0.0,baseline,New Interest
dauphinoise pithivier,2023-10-19,-5,0.0,baseline,New Interest
dauphinoise pithivier,2023-10-20,-4,0.0,baseline,New Interest
dauphinoise pithivier,2023-10-21,-3,0.0,baseline,New Interest
dauphinoise pithivier,2023-10-22,-2,0.0,baseline,New Interest
dauphinoise pithivier,2023-10-23,-1,0.0,baseline,New Interest
dauphinoise pithivier,2023-10-24,0,36.93,spike,New Interest
dauphinoise pithivier,2023-10-25,1,24.62,post_event_plateau,New Interest
dauphinoise pithivier,2023-10-26,2,24.62,post_event_plateau,New Interest
dauphinoise pithivier,2023-10-27,3,24.62,post_event_plateau,New Interest
dauphinoise pithivier,2023-10-28,4,24.62,post_event_plateau,New Interest
dauphinoise pithivier,2023-10-29,5,24.62,post_event_plateau,New Interest
dauphinoise pithivier,2023-10-30,6,24.62,post_event_plateau,New Interest
dauphinoise pithivier,2023-10-31,7,24.62,post_event_plateau,New Interest
