,date,title,bakeoff_match,bakeoff_score
556,04/12/2011,Red velvet cake?,red velvet cake,90.32258
954,07/20/2011,I made English muffins!!, english muffins,80.0
2628,01/15/2012,Chocolate cake, chocolate teacakes,78.78788
2629,01/15/2012,Chocolate cake, chocolate teacakes,78.78788
3103,02/19/2012,Red Velvet Cake,red velvet cake,80.0
3289,03/05/2012,My first pineapple upside down cake, miniature pineapple upside-down cakes,79.45206
3292,03/05/2012,My first pineapple upside down cake, miniature pineapple upside-down cakes,79.45206
3470,03/17/2012,Red velvet cupcakes.,red velvet cake,80.0
3665,03/30/2012,Angel Food Cake,angel food cake,80.0
6817,10/06/2012,Sticky florentines, florentines,80.0
6871,10/10/2012,Tiramisu cake :),tiramisu cake,82.75862
7049,10/21/2012,Lemon Meringue Pie,lemon meringue pie,83.333336
7346,11/08/2012,Sticky Toffee Pudding, sticky toffee puddings,81.818184
11607,05/14/2013,Easy White Chocolate and Strawberry Cheesecake, white chocolate and blackberry cheesecakes,78.65169
12439,06/18/2013,Lemon Meringue Pie,lemon meringue pie,83.333336
12792,07/03/2013,Mini Pineapple Upsidedown Cakes, miniature pineapple upside-down cakes,78.26087
13310,07/26/2013,white chocolate lime cheesecake, white chocolate and blackberry cheesecakes,78.37838
13551,08/05/2013,White Chocolate Blackberry Cheesecake, white chocolate and blackberry cheesecakes,82.5
13760,08/14/2013,Vegan Sausage Rolls, vegan sausage rolls,82.051285
13988,08/25/2013,Fondant Fancies, fondant fancies,83.870964
14326,09/09/2013,White chocolate cherry cheesecake =], white chocolate and blackberry cheesecakes,78.48101
14562,09/21/2013,My first lemon meringue pie!,lemon meringue pie,78.26087
14584,09/22/2013,Red Velvet Cake,red velvet cake,80.0
16787,12/19/2013,Red Velvet Cake,red velvet cake,80.0
17235,01/04/2014,Pineapple upside-down cake, miniature pineapple upside-down cakes,78.125
17246,01/04/2014,Tiramisu Cake,tiramisu cake,84.61539
17800,01/26/2014,chocolate truffle cake, chocolate teacakes,78.04878
19996,04/20/2014,My lemon meringue pie,lemon meringue pie,92.30769
20284,05/04/2014,My first ever pineapple upside-down cake!, miniature pineapple upside-down cakes,78.48101
20512,05/15/2014,Tiramisu Cupcakes,tiramisu cake,80.0
20535,05/17/2014,Tiramisu Cupcakes,tiramisu cake,80.0
20563,05/18/2014,Baguettes!, baguettes,80.0
20997,06/08/2014,Tiramisu cupcake,tiramisu cake,82.75862
23350,09/21/2014,Eight-strand plaited loaf,eight-strand plaited loaf,96.0
24209,10/26/2014,Home made Pineapple upside down cake, miniature pineapple upside-down cakes,78.37838
24457,11/07/2014,Victoria Sandwich!,victoria sandwich,85.71429
25091,12/02/2014,Ginger Biscuits, ginger biscuits,83.870964
26742,02/08/2015,Crème Caramel,crème caramel,84.61539
27144,02/23/2015,Red Velvet Cake,red velvet cake,80.0
28155,04/04/2015,Tiramisu Cake,tiramisu cake,84.61539
28376,04/12/2015,Victoria Jamwich,victoria sandwich,78.78788
29931,06/29/2015,Charlotte Royale,charlotte royale,87.5
29970,07/01/2015,Focaccia,focaccia,87.5
30888,08/16/2015,Garibaldi Biscuits, garibaldi biscuits,86.48649
33589,12/12/2015,Made a lemon meringue pie,lemon meringue pie,83.72093
34444,01/13/2016,Florentines, florentines,86.95652
35592,02/22/2016,Tiramisu Cake,tiramisu cake,84.61539
35683,02/24/2016,Victoria Sandwich,victoria sandwich,88.23529
36085,03/08/2016,white chocolate and raspberry cheesecake, white chocolate and blackberry cheesecakes,89.156624
36106,03/09/2016,Hazelnut dacquoise,hazelnut dacquoise,94.44444
38593,06/08/2016,Lemon meringue pie,lemon meringue pie,94.44444
38694,06/13/2016,pineapple upside-down cake, miniature pineapple upside-down cakes,81.25
38889,06/20/2016,Lemon Meringue Pie,lemon meringue pie,83.333336
38890,06/20/2016,Lemon Meringue Pie,lemon meringue pie,83.333336
38891,06/20/2016,Lemon Meringue Pie,lemon meringue pie,83.333336
39532,07/12/2016,White chocolate raspberry cheesecake, white chocolate and blackberry cheesecakes,81.01266
39950,07/29/2016,Chocolate cake, chocolate teacakes,78.78788
40299,08/11/2016,Mini chocolate cake, chocolate teacakes,78.947365
40495,08/18/2016,S'mores,s'mores,85.71429
42507,10/24/2016,Made fondant fancies, fondant fancies,88.888885
42569,10/26/2016,White chocolate and raspberry cheesecake, white chocolate and blackberry cheesecakes,86.74699
42772,10/31/2016,Tiramisu cake,tiramisu cake,92.30769
46709,02/17/2017,White chocolate raspberry cheesecake, white chocolate and blackberry cheesecakes,81.01266
48211,03/26/2017,Sacher cake,cherry cake,81.818184
48534,04/03/2017,Best angel food cake?,angel food cake,83.333336
48596,04/05/2017,Red velvet cupcakes,red velvet cake,82.35294
48914,04/12/2017,Chocolate babkas,chocolate babka,90.32258
48921,04/12/2017,Pain Aux Raisins,pain aux raisins,81.25
48944,04/13/2017,Chocolate babkas,chocolate babka,90.32258
49823,05/05/2017,Chocolate Babka :),chocolate babka,78.78788
50673,05/27/2017,Lemon meringue pie,lemon meringue pie,94.44444
51016,06/04/2017,Chocolate Babka!,chocolate babka,83.870964
51018,06/04/2017,Chocolate Babka,chocolate babka,86.666664
51221,06/09/2017,Red Velvet Cake,red velvet cake,80.0
51833,06/25/2017,My first lemon meringue pie,lemon meringue pie,80.0
52117,07/01/2017,Lemon and thyme mini drizzle cakes,lemon and thyme drizzle cake,87.09677
52944,07/19/2017,Chocolate cake, chocolate teacakes,78.78788
53085,07/22/2017,My egg custard tart., egg custard tarts,89.47369
53217,07/26/2017,Victoria sandwich,victoria sandwich,94.117645
55416,09/14/2017,I made a lemon meringue pie,lemon meringue pie,80.0
55434,09/15/2017,White chocolate soufflés,chocolate soufflé,82.92683
55542,09/17/2017,Pizza Margherita,pizza margherita,87.5
55555,09/17/2017,Made Apricot Couronne!,apricot couronne,78.947365
57023,10/20/2017,Charlotte Royale,charlotte royale,87.5
58294,11/14/2017,Tiramisu cupcakes,tiramisu cake,80.0
59409,12/02/2017,Creme carmel,crème caramel,80.0
60766,12/22/2017,Chocolate Babka,chocolate babka,86.666664
61447,01/01/2018,Chocolate-lemon meringue pie,lemon meringue pie,78.26087
62227,01/16/2018,Mini pear pies,mini pear pies,92.85714
62927,01/30/2018,Cornish Pasties,cornish pasties,86.666664
63248,02/05/2018,I made lemon meringue pie,lemon meringue pie,83.72093
63722,02/12/2018,Clementine meringue pie,lemon meringue pie,82.92683
63995,02/17/2018,Tarte aux pommes.,tart aux pommes,87.5
64684,03/02/2018,Cherry Cake,cherry cake,81.818184
64945,03/06/2018,My first Pineapple upside-down cake, miniature pineapple upside-down cakes,79.45206
66327,03/27/2018,Chocolate soufflés!,chocolate soufflé,88.888885
66581,03/31/2018,Chocolate soufflés!,chocolate soufflé,88.888885
66737,04/01/2018,Easter cake,frasier cake,78.26087
67996,04/22/2018,Matcha crepe cake!,matcha crepe cake,91.42857
68216,04/25/2018,Viennese Whirls, viennese whirls,83.870964
69115,05/11/2018,Focaccia!,focaccia,82.35294
70742,06/07/2018,Lemon meringue shame pie.,lemon meringue pie,79.06977
70749,06/07/2018,Angel food cupcakes,angel food cake,82.35294
70827,06/09/2018,Matcha Crepe Cake!,matcha crepe cake,80.0
71407,06/17/2018,I made tarte au citron,tarte au citron,81.08108
71698,06/22/2018,Matcha crepe cake!,matcha crepe cake,91.42857
71699,06/22/2018,Matcha crepe cake!,matcha crepe cake,91.42857
71700,06/22/2018,Matcha crepe cake!,matcha crepe cake,91.42857
71701,06/22/2018,Matcha crepe cake!,matcha crepe cake,91.42857
73711,07/21/2018,Pasteis de nata!, pastéis de nata,81.25
75692,08/15/2018,Red velvet cupcakes,red velvet cake,82.35294
78204,09/15/2018,Orange chocolate babka,chocolate babka,81.08108
78859,09/23/2018,Chocolate cake, chocolate teacakes,78.78788
79325,09/28/2018,Lemon meringue pies,lemon meringue pie,91.89189
79763,10/04/2018,Lemon meringue pies 💛,lemon meringue pie,87.17949
81187,10/20/2018,Lemon meringue pie.,lemon meringue pie,91.89189
81506,10/23/2018,Lemon Meringue Pie!,lemon meringue pie,81.08108
83961,11/21/2018,Chocolate Roulade,chocolate roulade,88.23529
85074,12/01/2018,Gingernut biscuits!, ginger biscuits,80.0
85165,12/02/2018,Lemon meringue pie🍋,lemon meringue pie,91.89189
85182,12/02/2018,Red velvet poundcake,red velvet cake,80.0
85183,12/02/2018,Red velvet poundcake,red velvet cake,80.0
86120,12/11/2018,Coffee and Walnut Battenberg Cake,coffee and walnut battenberg,81.96722
87374,12/21/2018,Florentines!, florentines,83.333336
87909,12/24/2018,Tarte au citron,tarte au citron,93.333336
88701,12/31/2018,Apricot Couronne,apricot couronne,87.5
89580,01/09/2019,Mille-feuille,mille-feuille,92.30769
90272,01/17/2019,Fresh pineapple upside down cake, miniature pineapple upside-down cakes,80.0
90656,01/21/2019,Prinsesstårta!,prinsesstårta,88.888885
90740,01/21/2019,Homemade French chocolate cake with fresh raspberries,the signature chocolate cake with fresh raspberries,80.76923
90796,01/22/2019,Red velvet cake,red velvet cake,93.333336
91132,01/26/2019,Lemon meringue pie help,lemon meringue pie,82.92683
91841,02/01/2019,Tiramisu cake,tiramisu cake,92.30769
92039,02/03/2019,Red Velvet cake 👌🥰,red velvet cake,78.78788
92204,02/04/2019,Tiramisu Cupcakes,tiramisu cake,80.0
92217,02/04/2019,Chocolate soufflé!,chocolate soufflé,91.42857
92519,02/07/2019,Tiramisu cake,tiramisu cake,92.30769
92915,02/11/2019,First chocolate babka!,chocolate babka,81.08108
94040,02/18/2019,Danish pastries,cornish pasties,80.0
94719,02/24/2019,Homemade sticky toffee pudding ❤, sticky toffee puddings,80.0
94734,02/24/2019,My first lemon meringue pie!,lemon meringue pie,78.26087
94826,02/25/2019,Chocolate Babka!,chocolate babka,83.870964
95276,03/01/2019,Mini pineapple upside down cakes 🙂, miniature pineapple upside-down cakes,83.333336
95794,03/05/2019,lemon drizzle cake,lemon and thyme drizzle cake,78.26087
95886,03/06/2019,Tiramisu Cupcakes,tiramisu cake,80.0
96220,03/09/2019,red velvet cake,red velvet cake,100.0
96498,03/11/2019,Chocolate babka,chocolate babka,93.333336
96642,03/13/2019,Homemade pineapple upside down cake, miniature pineapple upside-down cakes,79.45206
96948,03/15/2019,Homemade pastéis de nata, pastéis de nata,80.0
100314,04/14/2019,Tarte aux Pommes,tart aux pommes,83.870964
100347,04/14/2019,Tarte au citron,tarte au citron,93.333336
101241,04/21/2019,Chocolate Babkaaaa,chocolate babka,78.78788
101524,04/22/2019,Easter cake,frasier cake,78.26087
101677,04/24/2019,Chocolate babka,chocolate babka,93.333336
103210,05/10/2019,lemon meringue pie,lemon meringue pie,100.0
103820,05/16/2019,My first lemon meringue pie!,lemon meringue pie,78.26087
104205,05/20/2019,Lemon Meringue Pie,lemon meringue pie,83.333336
104798,05/26/2019,Angel food cake,angel food cake,93.333336
104954,05/27/2019,Lemon meringue,lemon meringue pie,81.25
105147,05/29/2019,Dark chocolate babka,chocolate babka,85.71429
105365,05/31/2019,Angel Food Cake,angel food cake,80.0
105401,06/01/2019,White chocolate and blueberry cheesecake tart, white chocolate and blackberry cheesecakes,84.09091
105458,06/01/2019,White chocolate raspberry cheesecake!, white chocolate and blackberry cheesecakes,80.0
105472,06/02/2019,Tiramisu Cake,tiramisu cake,84.61539
105949,06/07/2019,White chocolate and matcha cheesecake., white chocolate and blackberry cheesecakes,79.012344
107019,06/16/2019,Red Velvet Cake,red velvet cake,80.0
108033,06/26/2019,Matcha crepe cake,matcha crepe cake,94.117645
108202,06/28/2019,Fondant fancies, fondant fancies,90.32258
108461,06/30/2019,Sticky toffee pudding, sticky toffee puddings,90.90909
109601,07/11/2019,Angel food cake,angel food cake,93.333336
110296,07/18/2019,Dark chocolate cake, chocolate teacakes,78.947365
110344,07/18/2019,Lemon meringue pie!,lemon meringue pie,91.89189
111114,07/26/2019,Devonshire Splits, devonshire splits,85.71429
111642,07/31/2019,Blue angel food cake,angel food cake,85.71429
111802,08/02/2019,Tiramisu cake!,tiramisu cake,88.888885
111955,08/03/2019,Chocolate cake, chocolate teacakes,78.78788
113460,08/18/2019,My first pineapple upside down cake!, miniature pineapple upside-down cakes,78.37838
113538,08/18/2019,Lemon meringue pie,lemon meringue pie,94.44444
114277,08/25/2019,I made pineapple upside down cake, miniature pineapple upside-down cakes,84.50704
116093,09/12/2019,Mille feuille,mille-feuille,84.61539
116848,09/19/2019,Lemon Meringue Pie,lemon meringue pie,83.333336
118017,09/29/2019,Tiramisu cake,tiramisu cake,92.30769
118521,10/03/2019,White chocolate blueberry cheesecake., white chocolate and blackberry cheesecakes,82.5
118803,10/06/2019,Chocolate babka 😍,chocolate babka,87.5
118894,10/06/2019,White chocolate raspberry cheesecake, white chocolate and blackberry cheesecakes,81.01266
119593,10/12/2019,Tarte au citron!,tarte au citron,90.32258
119741,10/13/2019,Pastéis de Nata, pastéis de nata,83.870964
119894,10/14/2019,Spooky red velvet cake!,red velvet cake,78.947365
121999,11/01/2019,Sachertorte!,sachertorte,86.95652
122557,11/06/2019,chocolate souflee,chocolate soufflé,88.23529
122933,11/10/2019,Stroopwafel, stroopwafels,83.333336
123490,11/14/2019,Chocolate souflee,chocolate soufflé,82.35294
124889,11/25/2019,Victoria Sandwich,victoria sandwich,88.23529
125924,12/01/2019,My Red Velvet cake,red velvet cake,78.78788
126441,12/05/2019,Bakewell tarts,bakewell tart,88.888885
127948,12/16/2019,Chocolate cake, chocolate teacakes,78.78788
128438,12/19/2019,I made chocolate soufflé!,chocolate soufflé,80.95238
129391,12/23/2019,Lemon Meringue pie,lemon meringue pie,88.888885
130087,12/26/2019,Mini red velvet cakes!,red velvet cake,81.08108
130771,12/31/2019,Lemon Meringue Pie,lemon meringue pie,83.333336
132125,01/12/2020,My Pastéis de Nata, pastéis de nata,82.35294
132144,01/12/2020,tarte aux pommes,tart aux pommes,96.77419
132289,01/12/2020,Baked a chocolate babka,chocolate babka,78.947365
133887,01/25/2020,Angel food cake,angel food cake,93.333336
134395,01/28/2020,Frasier Cake,frasier cake,83.333336
135261,02/04/2020,"""Lemon Meringue Pie""",lemon meringue pie,78.947365
135262,02/04/2020,"""Lemon Meringue Pie""",lemon meringue pie,78.947365
135865,02/09/2020,Fresh English muffins, english muffins,81.08108
136216,02/11/2020,Orange chocolate soufflés,chocolate soufflé,80.95238
136254,02/11/2020,Crème caramel,crème caramel,92.30769
136809,02/15/2020,Kougin-Amann,kougin-amann,83.333336
137028,02/16/2020,Red velvet cupcakes,red velvet cake,82.35294
137966,02/22/2020,Mini chocolate tube cakes, chocolate teacakes,81.818184
138216,02/24/2020,Apricot Courrone,apricot couronne,81.25
139085,03/02/2020,Lemon Meringue Pie,lemon meringue pie,83.333336
139779,03/07/2020,Sacher Torte,sachertorte,78.26087
140949,03/16/2020,Tiramisu Cake,tiramisu cake,84.61539
141337,03/18/2020,My Viennese Whirls!, viennese whirls,80.0
141700,03/20/2020,English Muffins, english muffins,83.870964
142304,03/22/2020,Chocolate babka,chocolate babka,93.333336
142847,03/25/2020,Chocolate Babka!,chocolate babka,83.870964
143658,03/28/2020,Chocolate babka!,chocolate babka,90.32258
143659,03/28/2020,Chocolate Babka!,chocolate babka,83.870964
143660,03/28/2020,Chocolate Babka!,chocolate babka,83.870964
146185,04/05/2020,Chocolate cake, chocolate teacakes,78.78788
146314,04/05/2020,Chocolate cake, chocolate teacakes,78.78788
146672,04/07/2020,Tips for chocolate soufflé,chocolate soufflé,79.06977
146998,04/08/2020,Lemon meringue pie?,lemon meringue pie,91.89189
147242,04/09/2020,Chocolate Soufflé,chocolate soufflé,88.23529
147378,04/09/2020,Mille-feuille,mille-feuille,92.30769
147913,04/11/2020,Chocolate babka,chocolate babka,93.333336
148850,04/13/2020,Focaccia!,focaccia,82.35294
149139,04/13/2020,red velvet cupcakes,red velvet cake,88.23529
149452,04/15/2020,My first lemon meringue pie!,lemon meringue pie,78.26087
150451,04/18/2020,Creme caramel 🍮,crème caramel,78.57143
150486,04/18/2020,Cursed angel food cake,angel food cake,81.08108
150546,04/18/2020,Mini pear pies,mini pear pies,92.85714
151160,04/20/2020,Hazelnut Dacquoise,hazelnut dacquoise,88.888885
151501,04/22/2020,English muffins🤭, english muffins,87.5
151706,04/22/2020,Custard cream, custard creams,85.71429
152166,04/24/2020,Chocolate Babka,chocolate babka,86.666664
152927,04/26/2020,Bless angel food cake,angel food cake,83.333336
152992,04/26/2020,homemade sticky toffee pudding, sticky toffee puddings,83.01887
153292,04/27/2020,Kouign-amann,kougin-amann,83.333336
153342,04/27/2020,I made pasteis de nata, pastéis de nata,78.947365
153459,04/28/2020,Fraisier Cake,frasier cake,80.0
153510,04/28/2020,I made pastéis de nata!, pastéis de nata,82.051285
154047,04/30/2020,Classic egg custard tart, egg custard tarts,80.95238
154663,05/02/2020,Kouign-amann,kougin-amann,83.333336
154862,05/03/2020,Lemon meringue pie,lemon meringue pie,94.44444
156000,05/07/2020,Cottage loaf!,cottage loaf,88.0
156038,05/07/2020,pineapple upside down cake, miniature pineapple upside-down cakes,78.125
156046,05/07/2020,Malt chocolate cake, chocolate teacakes,78.947365
156144,05/08/2020,My first pineapple upside down cake, miniature pineapple upside-down cakes,79.45206
156341,05/08/2020,ciabatta, ciabattas,88.888885
157224,05/11/2020,Fire lemon meringue pie,lemon meringue pie,87.80488
158582,05/16/2020,White chocolate raspberry cheesecake., white chocolate and blackberry cheesecakes,80.0
158955,05/17/2020,Fresh baguettes, baguettes,80.0
159163,05/18/2020,Easter cake,frasier cake,78.26087
159299,05/18/2020,Red velvet cake,red velvet cake,93.333336
159918,05/21/2020,I made sticky toffee pudding!, sticky toffee puddings,84.61539
160049,05/21/2020,Pastéis de Nata, pastéis de nata,83.870964
161061,05/25/2020,Fraisier cake,frasier cake,88.0
161141,05/25/2020,Chocolate Babka,chocolate babka,86.666664
161369,05/26/2020,Lemon Meringue Pie,lemon meringue pie,83.333336
162620,05/31/2020,I made a lemon meringue pie,lemon meringue pie,80.0
162651,05/31/2020,chocolate rum cake,chocolate roulade,80.0
162756,06/01/2020,Lemon meringue pie,lemon meringue pie,94.44444
162774,06/01/2020,red velvet cake queries,red velvet cake,78.947365
162978,06/02/2020,Chocolate cake, chocolate teacakes,78.78788
163530,06/05/2020,Chocolate Babka,chocolate babka,86.666664
163758,06/06/2020,I love angel food cakes,angel food cake,78.947365
164246,06/08/2020,Miniature Pineapple Upside Down Cakes, miniature pineapple upside-down cakes,82.666664
164474,06/09/2020,Lemon meringue pie!,lemon meringue pie,91.89189
164810,06/10/2020,My first pineapple upside down cake!, miniature pineapple upside-down cakes,78.37838
165774,06/14/2020,English Muffins!, english muffins,81.25
166503,06/17/2020,Chocolate Souffle,chocolate soufflé,82.35294
166508,06/17/2020,Chocolate Souffle,chocolate soufflé,82.35294
166842,06/19/2020,Lemon Meringue Pie,lemon meringue pie,83.333336
168247,06/24/2020,English Muffins, english muffins,83.870964
168253,06/24/2020,Lemon Meringue Pie,lemon meringue pie,83.333336
168622,06/26/2020,chocolate cupcakes, chocolate teacakes,81.08108
170667,07/05/2020,Pastéis de nata 🇵🇹, pastéis de nata,82.35294
172690,07/14/2020,Crème caramel,crème caramel,92.30769
172796,07/15/2020,Chocolate souffle,chocolate soufflé,88.23529
172833,07/15/2020,Gingernut biscuits, ginger biscuits,82.35294
173391,07/18/2020,Angel Food Cake,angel food cake,80.0
173500,07/18/2020,Lemon meringue pie,lemon meringue pie,94.44444
174277,07/22/2020,Red Velvet Cake,red velvet cake,80.0
174292,07/22/2020,Pasteis de nata, pastéis de nata,83.870964
174791,07/24/2020,S'mores,s'mores,85.71429
175086,07/26/2020,My first pineapple upside down cake, miniature pineapple upside-down cakes,79.45206
175595,07/28/2020,Red velvet cake!,red velvet cake,90.32258
175694,07/28/2020,Tiramisu Cake,tiramisu cake,84.61539
175738,07/28/2020,Chocolate babka 😍,chocolate babka,87.5
176497,08/01/2020,Pasteis de nata, pastéis de nata,83.870964
176525,08/02/2020,English Muffins 🌟, english muffins,78.78788
177948,08/08/2020,White chocolate blackberry cheesecake, white chocolate and blackberry cheesecakes,90.0
178499,08/11/2020,English muffins, english muffins,90.32258
178517,08/11/2020,Dark chocolate cake, chocolate teacakes,78.947365
178555,08/11/2020,Made a chocolate babka,chocolate babka,81.08108
179717,08/17/2020,Lemon meringue cupcakes,lemon meringue pie,78.04878
180458,08/21/2020,Chocolate soufflé,chocolate soufflé,94.117645
181277,08/25/2020,Red velvet cakesicle,red velvet cake,80.0
181967,08/29/2020,Chocolate cake, chocolate teacakes,78.78788
182240,08/30/2020,English Muffins!, english muffins,81.25
182245,08/30/2020,Lemon Meringue Pie,lemon meringue pie,83.333336
182419,08/31/2020,Red velvet cake?,red velvet cake,90.32258
183598,09/06/2020,Chocolate babka,chocolate babka,93.333336
184647,09/13/2020,Red velvet cake,red velvet cake,93.333336
184762,09/13/2020,Hot chocolate cake!, chocolate teacakes,78.947365
185385,09/17/2020,Homeade lemon meringue pie.,lemon meringue pie,80.0
185998,09/20/2020,Red Velvet Cake,red velvet cake,80.0
187088,09/26/2020,Chocolate Babka,chocolate babka,86.666664
187243,09/27/2020,Lemon meringue cupcakes,lemon meringue pie,78.04878
187743,09/29/2020,No bake white chocolate raspberry cheesecake, white chocolate and blackberry cheesecakes,78.16092
188088,10/01/2020,Red velvet cupcakes,red velvet cake,82.35294
188557,10/03/2020,Tiramisu Cake,tiramisu cake,84.61539
189460,10/08/2020,Vinnese Whirls, viennese whirls,80.0
189461,10/08/2020,Viennese Whirls, viennese whirls,83.870964
190914,10/15/2020,My first pineapple upside down cake!, miniature pineapple upside-down cakes,78.37838
191189,10/16/2020,Red velvet cake,red velvet cake,93.333336
191190,10/16/2020,Red velvet cake,red velvet cake,93.333336
191415,10/17/2020,Sticky toffee pudding!, sticky toffee puddings,88.888885
192024,10/20/2020,Lemon meringue pie,lemon meringue pie,94.44444
192037,10/20/2020,Molten chocolate cakes, chocolate teacakes,78.04878
192056,10/20/2020,chocolate cake, chocolate teacakes,84.84849
192262,10/21/2020,Pastéis de Nata, pastéis de nata,83.870964
192368,10/22/2020,A chocolate cake, chocolate teacakes,85.71429
192534,10/23/2020,Chocolate Babka,chocolate babka,86.666664
192590,10/23/2020,Blue velvet cake 🎂,red velvet cake,78.78788
192736,10/24/2020,Chocolate babka.,chocolate babka,90.32258
195336,11/05/2020,Red velvet cake,red velvet cake,93.333336
196744,11/13/2020,Chocolate babka,chocolate babka,93.333336
198103,11/21/2020,Dog food cake,angel food cake,78.57143
198117,11/21/2020,Angel food cake,angel food cake,93.333336
198159,11/21/2020,English Muffins, english muffins,83.870964
199824,11/27/2020,Sticky Toffee Pudding, sticky toffee puddings,81.818184
200699,12/01/2020,Hot chocolate cake, chocolate teacakes,81.08108
201275,12/04/2020,Chocolate Babka,chocolate babka,86.666664
202068,12/07/2020,Creme caramel,crème caramel,84.61539
203734,12/14/2020,Focaccia!,focaccia,82.35294
204511,12/18/2020,Chocolate cake, chocolate teacakes,78.78788
206996,12/25/2020,Chocolate Babka,chocolate babka,86.666664
208041,12/29/2020,Mille-feuille,mille-feuille,92.30769
209060,01/02/2021,Brandy snaps!, brandy snaps,84.61539
209221,01/03/2021,Red velvet cake!,red velvet cake,90.32258
210422,01/09/2021,Marble velvet cake,red velvet cake,84.84849
210542,01/09/2021,I made English muffins!, english muffins,82.051285
211707,01/15/2021,Tiramisu Cake,tiramisu cake,84.61539
211709,01/15/2021,Tiramisu Cake,tiramisu cake,84.61539
211711,01/15/2021,Tiramisu cake,tiramisu cake,92.30769
212700,01/19/2021,Chocolate Babka,chocolate babka,86.666664
212752,01/19/2021,Schichttorte,schichttorte,91.666664
213589,01/23/2021,💖Charlotte Royale💖,charlotte royale,82.35294
214033,01/24/2021,chocolate oreo cake, chocolate teacakes,78.947365
214256,01/25/2021,Chocolate Babka!,chocolate babka,83.870964
214903,01/28/2021,Cake au citron🍋,tarte au citron,80.0
214964,01/28/2021,Chocolate Babka,chocolate babka,86.666664
215356,01/30/2021,Pastis de Nata, pastéis de nata,80.0
216058,02/02/2021,Chocolate Babka,chocolate babka,86.666664
216125,02/02/2021,Angel food cake,angel food cake,93.333336
217171,02/07/2021,Chocolate Babka,chocolate babka,86.666664
218131,02/11/2021,Pastéis de Nata!, pastéis de nata,81.25
218188,02/12/2021,Red velvet mini cake,red velvet cake,80.0
218343,02/12/2021,Sachertorte,sachertorte,90.90909
218919,02/14/2021,Red velvet cake,red velvet cake,93.333336
219336,02/15/2021,Red velvet cookies,red velvet cake,78.78788
220311,02/19/2021,Queen of Puddings,queen of puddings,88.23529
221874,02/27/2021,Arlettes, arlettes,82.35294
222158,03/01/2021,Chocolate cake, chocolate teacakes,78.78788
223105,03/06/2021,I made sticky toffee pudding!, sticky toffee puddings,84.61539
224243,03/12/2021,Focaccia,focaccia,87.5
225718,03/19/2021,Chocolate babka,chocolate babka,93.333336
225772,03/20/2021,Focaccia,focaccia,87.5
227021,03/27/2021,First chocolate souffle,chocolate soufflé,80.0
227233,03/28/2021,Baguettes, baguettes,84.210526
227255,03/28/2021,Red velvet cake 🎂,red velvet cake,87.5
227273,03/29/2021,Baguettes, baguettes,84.210526
227431,03/30/2021,Wife’s chocolate babka,chocolate babka,81.08108
227448,03/30/2021,Fraisier Cake,frasier cake,80.0
227449,03/30/2021,Fraisier Cake,frasier cake,80.0
227495,03/30/2021,Red velvet cake,red velvet cake,93.333336
227546,03/30/2021,Apricot Couronne,apricot couronne,87.5
228001,04/02/2021,Red velvet cupcakes,red velvet cake,82.35294
228183,04/03/2021,Fraisier cake,frasier cake,88.0
229454,04/09/2021,lemon meringue pie,lemon meringue pie,100.0
229472,04/09/2021,Focaccia,focaccia,87.5
229582,04/10/2021,Chocolate Babka,chocolate babka,86.666664
229584,04/10/2021,Lemon meringue pie,lemon meringue pie,94.44444
229878,04/11/2021,Lime meringue pie,lemon meringue pie,80.0
230147,04/13/2021,Mini pineapple upside down cakes, miniature pineapple upside-down cakes,85.71429
230321,04/15/2021,Chocolate Babka,chocolate babka,86.666664
231227,04/21/2021,Chocolate souffle,chocolate soufflé,88.23529
231537,04/23/2021,red velvet cookie,red velvet cake,87.5
231704,04/24/2021,I made pineapple upside down cake, miniature pineapple upside-down cakes,84.50704
231868,04/24/2021,Sticky toffee pudding cake, sticky toffee puddings,81.63265
232222,04/26/2021,Sticky toffee pudding, sticky toffee puddings,90.90909
232988,05/01/2021,Red velvet cookies,red velvet cake,78.78788
233131,05/02/2021,Matcha mille crepe cake,matcha crepe cake,80.0
233149,05/02/2021,First lemon meringue pie 🍋,lemon meringue pie,81.818184
233210,05/03/2021,Matcha crepe cake,matcha crepe cake,94.117645
233980,05/08/2021,choco babkas,chocolate babka,81.48148
234363,05/10/2021,English Muffins, english muffins,83.870964
234655,05/12/2021,Tiramisu Cake,tiramisu cake,84.61539
234695,05/12/2021,Vegan chocolate and blackberry cake, white chocolate and blackberry cheesecakes,79.48718
234993,05/14/2021,Chocolate Babka,chocolate babka,86.666664
235666,05/19/2021,Bakewell Tart,bakewell tart,84.61539
235873,05/20/2021,I made pineapple unside-down cake, miniature pineapple upside-down cakes,84.50704
236511,05/25/2021,Red velvet cake pops,red velvet cake,80.0
236516,05/25/2021,Focaccia!,focaccia,82.35294
237520,06/01/2021,Made chocolate babka!,chocolate babka,83.333336
237646,06/02/2021,Tiramisu cake,tiramisu cake,92.30769
239067,06/12/2021,Red velvet cupcakes,red velvet cake,82.35294
239465,06/15/2021,Tart Aux Pommes,tart aux pommes,80.0
240679,06/23/2021,Tarte au citron,tarte au citron,93.333336
241028,06/26/2021,Chocolate Babka,chocolate babka,86.666664
241543,06/29/2021,Chocolate cake, chocolate teacakes,78.78788
241931,07/02/2021,focaccia,focaccia,100.0
242323,07/04/2021,First lemon meringue pie!,lemon meringue pie,83.72093
242461,07/05/2021,Bakewell tart!,bakewell tart,88.888885
242524,07/05/2021,English muffins!, english muffins,87.5
242854,07/08/2021,Chocolate babka!,chocolate babka,90.32258
243952,07/16/2021,Lemon meringue pie!,lemon meringue pie,91.89189
244059,07/17/2021,Millefeuille,mille-feuille,88.0
244124,07/18/2021,Baguettes, baguettes,84.210526
244755,07/23/2021,focaccia,focaccia,100.0
244936,07/24/2021,Tirimisu cake.,tiramisu cake,81.48148
245434,07/28/2021,pasteis de nata, pastéis de nata,90.32258
245634,07/30/2021,Tiny chocolate cakes, chocolate teacakes,82.051285
245664,07/30/2021,Chocolate babka,chocolate babka,93.333336
246128,08/03/2021,Focaccia,focaccia,87.5
246512,08/07/2021,Red velvet cake?,red velvet cake,90.32258
246866,08/09/2021,Sticky toffee pudding, sticky toffee puddings,90.90909
248239,08/20/2021,Homemade lemon meringue pie,lemon meringue pie,80.0
249275,08/28/2021,Chocolate cake, chocolate teacakes,78.78788
250075,09/03/2021,Sticky toffee pudding, sticky toffee puddings,90.90909
250419,09/06/2021,Naked red velvet cake,red velvet cake,83.333336
250493,09/06/2021,chocolate hotcakes, chocolate teacakes,86.48649
251377,09/12/2021,Baguettes, baguettes,84.210526
251416,09/13/2021,Lemon meringue,lemon meringue pie,81.25
251964,09/17/2021,Focaccia,focaccia,87.5
253075,09/24/2021,English muffins, english muffins,90.32258
253782,09/29/2021,Mint chocolate soufflé,chocolate soufflé,87.17949
254062,10/01/2021,pineapple upside down cake, miniature pineapple upside-down cakes,78.125
254809,10/06/2021,My first pineapple upside down cake, miniature pineapple upside-down cakes,79.45206
255978,10/14/2021,Lemon meringue cupcakes,lemon meringue pie,78.04878
256334,10/16/2021,Lemon Meringue Pie,lemon meringue pie,83.333336
257344,10/23/2021,Baked lemon meringue pie 🍋 🥧,lemon meringue pie,78.26087
259087,11/01/2021,Angel biscuits, ginger biscuits,80.0
259186,11/01/2021,Pineapple upside-down cake, miniature pineapple upside-down cakes,78.125
259438,11/03/2021,Easy chocolate cake, chocolate teacakes,78.947365
261091,11/14/2021,Bakewell tart,bakewell tart,92.30769
262584,11/23/2021,English muffins!, english muffins,87.5
262734,11/23/2021,My Prinzregententorte.,prinzregententorte,85.0
262848,11/24/2021,Red velvet cake,red velvet cake,93.333336
262880,11/24/2021,Need help Lemon meringue pie,lemon meringue pie,78.26087
266017,12/11/2021,Viennese Whirls, viennese whirls,83.870964
266391,12/13/2021,Red velvet cookies,red velvet cake,78.78788
268131,12/21/2021,Chocolate soufflé,chocolate soufflé,94.117645
270691,12/31/2021,Pasteis de nata, pastéis de nata,83.870964
272520,01/11/2022,Red velvet cake.,red velvet cake,90.32258
272759,01/13/2022,Red Velvet Cupcake,red velvet cake,78.78788
273305,01/16/2022,Angel food cupcakes!,angel food cake,80.0
273366,01/17/2022,A chocolate tea cake I made, chocolate teacakes,78.26087
273602,01/18/2022,Red velvet cookies,red velvet cake,78.78788
273929,01/21/2022,Chocolate Babka,chocolate babka,86.666664
274000,01/21/2022,custard tart, egg custard tarts,80.0
274547,01/24/2022,Angular lemon meringue pie,lemon meringue pie,81.818184
274859,01/27/2022,Tiramisu cake,tiramisu cake,92.30769
275829,02/02/2022,Red velvet cookies,red velvet cake,78.78788
276179,02/04/2022,Crème Caramel,crème caramel,84.61539
276246,02/05/2022,Tiramisu cake!,tiramisu cake,88.888885
276247,02/05/2022,Tiramisu Cake,tiramisu cake,84.61539
276882,02/09/2022,Red velvet cake,red velvet cake,93.333336
277787,02/14/2022,Red velvet cake.,red velvet cake,90.32258
279045,02/24/2022,Focaccia,focaccia,87.5
279505,02/27/2022,Tarte au Citron,tarte au citron,86.666664
279638,02/28/2022,Lemon Meringue Pie🍋,lemon meringue pie,81.08108
280157,03/05/2022,Victoria Sandwich,victoria sandwich,88.23529
280355,03/06/2022,Lemon meringue pie,lemon meringue pie,94.44444
280356,03/06/2022,Lemon meringue pie,lemon meringue pie,94.44444
280915,03/11/2022,Chocolate babka,chocolate babka,93.333336
281481,03/14/2022,English Muffins!, english muffins,81.25
281514,03/15/2022,sausage rolls, vegan sausage rolls,78.78788
282087,03/19/2022,Focaccia,focaccia,87.5
282248,03/20/2022,Sticky Toffee Pudding, sticky toffee puddings,81.818184
282590,03/23/2022,Chocolate soufflé FAIL,chocolate soufflé,82.051285
282940,03/26/2022,English muffins, english muffins,90.32258
282941,03/26/2022,Focaccia,focaccia,87.5
283088,03/27/2022,Chocolate Babka,chocolate babka,86.666664
283115,03/27/2022,Sachertorte,sachertorte,90.90909
283181,03/27/2022,Lemon Meringue Pie,lemon meringue pie,83.333336
284141,04/04/2022,red velvet,red velvet cake,80.0
284273,04/05/2022,Scones,scones,83.333336
284517,04/07/2022,Angel food cake,angel food cake,93.333336
284924,04/10/2022,Chocolate soufflé,chocolate soufflé,94.117645
284980,04/10/2022,White chocolate raspberry cheesecake, white chocolate and blackberry cheesecakes,81.01266
285136,04/11/2022,Chocolate soufflé,chocolate soufflé,94.117645
285155,04/11/2022,Chocolate soufflés,chocolate soufflé,91.42857
285887,04/16/2022,Lemon Meringue Pie,lemon meringue pie,83.333336
285911,04/16/2022,Chocolate babka,chocolate babka,93.333336
285941,04/17/2022,Chocolate babka,chocolate babka,93.333336
286039,04/17/2022,Easter cake,frasier cake,78.26087
286074,04/17/2022,Easter cake,frasier cake,78.26087
286159,04/17/2022,Easter cake,frasier cake,78.26087
287480,04/27/2022,Lemon meringue pie,lemon meringue pie,94.44444
288053,05/02/2022,Angel Food Cake,angel food cake,80.0
289445,05/13/2022,Chocolate cake, chocolate teacakes,78.78788
289505,05/13/2022,Fraisier cake,frasier cake,88.0
289518,05/13/2022,easy baguette, baguettes,78.26087
289595,05/14/2022,chocolate cake ., chocolate teacakes,80.0
289812,05/15/2022,Chocolate Souffle,chocolate soufflé,82.35294
290176,05/19/2022,pineapple upside-down cake, miniature pineapple upside-down cakes,81.25
290625,05/22/2022,pineapple upside down cake, miniature pineapple upside-down cakes,78.125
290702,05/23/2022,Fraisier cake 🍓,frasier cake,81.48148
291140,05/27/2022,Kouign-amann,kougin-amann,83.333336
291291,05/28/2022,focaccia,focaccia,100.0
291322,05/28/2022,scones,scones,100.0
291537,05/29/2022,chocolate babka,chocolate babka,100.0
291576,05/30/2022,"angel food cake, help!",angel food cake,81.08108
291875,06/02/2022,Focaccia,focaccia,87.5
292058,06/03/2022,angel food cake help!,angel food cake,83.333336
292059,06/03/2022,angel food cake help!,angel food cake,83.333336
292310,06/05/2022,Focaccia!,focaccia,82.35294
292416,06/06/2022,Red velvet cake.,red velvet cake,90.32258
292458,06/06/2022,A Mini Victoria sandwich,victoria sandwich,78.04878
292819,06/10/2022,Chocolate cake, chocolate teacakes,78.78788
292995,06/11/2022,I baked a lemon meringue pie,lemon meringue pie,78.26087
293769,06/17/2022,chocolate soufflé,chocolate soufflé,100.0
293771,06/17/2022,Focaccia,focaccia,87.5
294117,06/19/2022,Focaccia,focaccia,87.5
294206,06/19/2022,Matcha crepe Cake !,matcha crepe cake,83.333336
294292,06/20/2022,Giant Viennese whirls, viennese whirls,81.08108
294293,06/20/2022,Bakewell tart,bakewell tart,92.30769
294576,06/22/2022,Tiramisu cupcakes,tiramisu cake,80.0
294613,06/22/2022,chocolate cake, chocolate teacakes,84.84849
294784,06/24/2022,Mini chocolate cake, chocolate teacakes,78.947365
295509,06/30/2022,Bakewell tart 😍,bakewell tart,85.71429
295804,07/02/2022,Mille feuille,mille-feuille,84.61539
295819,07/03/2022,Fraisier cake!,frasier cake,84.61539
296118,07/05/2022,Red velvet cupcakes,red velvet cake,82.35294
296227,07/05/2022,heart shaped cupcakes, heart-shaped lace pancakes,79.166664
296652,07/09/2022,Focaccia,focaccia,87.5
296956,07/11/2022,Mini red velvet cake,red velvet cake,85.71429
297467,07/16/2022,lemon meringue tart,lemon meringue pie,81.08108
297698,07/17/2022,Millefeuille,mille-feuille,88.0
297923,07/19/2022,Tiramisu cake,tiramisu cake,92.30769
298788,07/25/2022,My Prinsesstårta,prinsesstårta,82.75862
298943,07/27/2022,florentine cookies, fortune cookies,82.35294
299627,08/01/2022,Cornish pasties,cornish pasties,93.333336
299667,08/02/2022,My scones,scones,80.0
299903,08/04/2022,Chocolate souffle!,chocolate soufflé,85.71429
300433,08/08/2022,Stroopwafels, stroopwafels,88.0
300988,08/13/2022,Dark chocolate babka,chocolate babka,85.71429
302140,08/23/2022,She wanted pineapple upside-down cake, miniature pineapple upside-down cakes,82.666664
302632,08/28/2022,Scones,scones,83.333336
302881,08/29/2022,Lemon meringue,lemon meringue pie,81.25
302973,08/30/2022,Red wine dark chocolate cake with raspberries,the signature chocolate cake with fresh raspberries,79.166664
304513,09/11/2022,Focaccia!,focaccia,82.35294
304808,09/13/2022,I made Devonshire Splits, devonshire splits,80.95238
304924,09/14/2022,My first fortune cookies🥠, fortune cookies,78.04878
305182,09/16/2022,Pineapple upside-down cake, miniature pineapple upside-down cakes,78.125
305505,09/18/2022,Red velvet cake,red velvet cake,93.333336
305653,09/19/2022,Pineapple upside-down cake, miniature pineapple upside-down cakes,78.125
306847,09/27/2022,Pastéis de Nata, pastéis de nata,83.870964
306855,09/27/2022,lemon meringue pie!,lemon meringue pie,97.297295
308117,10/06/2022,lemon meringue!,lemon meringue pie,84.84849
309993,10/18/2022,Chocolate Babka,chocolate babka,86.666664
310359,10/21/2022,Juste tarte aux pommes,tart aux pommes,81.08108
310561,10/22/2022,Chocolate Souffle,chocolate soufflé,82.35294
310614,10/23/2022,red velvet cupcakes,red velvet cake,88.23529
311222,10/27/2022,Best chocolate cake, chocolate teacakes,78.947365
314178,11/14/2022,I made a lemon meringue pie!,lemon meringue pie,78.26087
314909,11/20/2022,Focaccia,focaccia,87.5
315067,11/21/2022,focaccia :D,focaccia,84.210526
315557,11/24/2022,First lemon meringue pie!,lemon meringue pie,83.72093
315918,11/25/2022,Cranberry lemon meringue pie,lemon meringue pie,78.26087
316040,11/25/2022,Focaccia!,focaccia,82.35294
317315,12/03/2022,chocolate cake, chocolate teacakes,84.84849
317366,12/03/2022,Chocolate souffle,chocolate soufflé,88.23529
317724,12/05/2022,Sticky Toffee Pudding, sticky toffee puddings,81.818184
318578,12/10/2022,Red velvet cookies,red velvet cake,78.78788
319588,12/14/2022,Cherry Cake,cherry cake,81.818184
320718,12/19/2022,Made chocolate babka :),chocolate babka,78.947365
321378,12/21/2022,Angel food cake pan?,angel food cake,80.0
322352,12/24/2022,chocolate cake, chocolate teacakes,84.84849
322846,12/26/2022,made a chocolate babka,chocolate babka,81.08108
322921,12/26/2022,Red Velvet Cake,red velvet cake,80.0
323368,12/28/2022,Lemon meringue pie,lemon meringue pie,94.44444
324046,01/01/2023,Chocolate Soufflé,chocolate soufflé,88.23529
324551,01/03/2023,My first pineapple upside-down cake!, miniature pineapple upside-down cakes,81.08108
324592,01/04/2023,pineapple upside down cake, miniature pineapple upside-down cakes,78.125
324661,01/04/2023,Ufo chocolate cake, chocolate teacakes,81.08108
324709,01/04/2023,lemon meringue tartlets,lemon meringue pie,78.04878
324911,01/06/2023,Viennese Whirls, viennese whirls,83.870964
325454,01/09/2023,chocolate loaf cake, chocolate teacakes,78.947365
325497,01/09/2023,Red velvet cake!,red velvet cake,90.32258
326178,01/14/2023,Scones,scones,83.333336
326641,01/16/2023,Sticky toffee pudding, sticky toffee puddings,90.90909
326800,01/17/2023,Red velvet cake,red velvet cake,93.333336
327147,01/20/2023,Chocolate babka,chocolate babka,93.333336
327673,01/23/2023,Chocolate Babka,chocolate babka,86.666664
327711,01/23/2023,Lemon meringue pie bites!,lemon meringue pie,79.06977
327747,01/23/2023,lemon meringue pie,lemon meringue pie,100.0
327766,01/23/2023,Chocolate cake, chocolate teacakes,78.78788
329443,02/02/2023,Red velvet cupcakes,red velvet cake,82.35294
329616,02/03/2023,English Muffins!, english muffins,81.25
329943,02/05/2023,white chocolate raspberry cheesecake, white chocolate and blackberry cheesecakes,83.544304
329972,02/05/2023,Tiramisu cake,tiramisu cake,92.30769
330260,02/06/2023,sticky toffee pudding cake, sticky toffee puddings,85.71429
330722,02/09/2023,White chocolate and taro cheesecake, white chocolate and blackberry cheesecakes,82.051285
331105,02/11/2023,White chocolate raspberry cheesecake, white chocolate and blackberry cheesecakes,81.01266
331373,02/12/2023,Pineapple upside-down cake, miniature pineapple upside-down cakes,78.125
332326,02/18/2023,Red velvet cookies,red velvet cake,78.78788
332932,02/21/2023,Red velvet cupcakes,red velvet cake,82.35294
333191,02/22/2023,Sticky Toffee Pudding, sticky toffee puddings,81.818184
335150,03/06/2023,Lemon meringue 🍋,lemon meringue pie,82.35294
336436,03/14/2023,Tiramisu Cake,tiramisu cake,84.61539
336450,03/14/2023,red velvet retro cake 🥀,red velvet cake,78.947365
336736,03/16/2023,Red Velvet Cake,red velvet cake,80.0
336740,03/16/2023,lemon meringue pie filling,lemon meringue pie,81.818184
337324,03/19/2023,Gluten-free bread, gluten-free pita bread,80.0
337628,03/21/2023,Red Velvet cake :),red velvet cake,78.78788
337947,03/23/2023,matcha cake,matcha crepe cake,78.57143
338019,03/24/2023,more cookies, fortune cookies,78.57143
338271,03/25/2023,I made pineapple upside down cake., miniature pineapple upside-down cakes,83.333336
338949,03/30/2023,Red velvet cupcakes!,red velvet cake,80.0
339615,04/03/2023,Angel food cake!,angel food cake,90.32258
339997,04/06/2023,Lemon Meringue Pie,lemon meringue pie,83.333336
340130,04/06/2023,Oreo chocolate cake, chocolate teacakes,78.947365
340204,04/07/2023,Easter cake,frasier cake,78.26087
340692,04/09/2023,Chocolate Babka,chocolate babka,86.666664
340747,04/09/2023,Easter cake,frasier cake,78.26087
340847,04/09/2023,lemon merengue pie,lemon meringue pie,94.44444
340911,04/10/2023,Easter cake,frasier cake,78.26087
340946,04/10/2023,My first lemon meringue pie,lemon meringue pie,80.0
341219,04/11/2023,Scones,scones,83.333336
341446,04/13/2023,chocolate lava cake, chocolate teacakes,78.947365
341576,04/14/2023,Tiramisu Cupcakes,tiramisu cake,80.0
341583,04/14/2023,My Baguettes!, baguettes,78.26087
341949,04/17/2023,red velvet cake,red velvet cake,100.0
342013,04/17/2023,chocolate lava cake, chocolate teacakes,78.947365
342094,04/18/2023,chocolate cake, chocolate teacakes,84.84849
342193,04/18/2023,First chocolate babka,chocolate babka,83.333336
342200,04/19/2023,Malt loaf,malt loaf,88.888885
343099,04/25/2023,Red velvet cake,red velvet cake,93.333336
343281,04/26/2023,Green velvet cake 🎂,red velvet cake,82.35294
344992,05/09/2023,Lemon Meringue Pie,lemon meringue pie,83.333336
345307,05/11/2023,Chocolate cake, chocolate teacakes,78.78788
345501,05/13/2023,I made a lemon meringue pie,lemon meringue pie,80.0
345792,05/15/2023,Two layer pineapple upside down cake, miniature pineapple upside-down cakes,78.37838
346683,05/22/2023,Angel Food Cake,angel food cake,80.0
346979,05/24/2023,Focaccia,focaccia,87.5
347002,05/24/2023,Angel biscuits, ginger biscuits,80.0
347050,05/25/2023,@chocolatcakes, chocolate teacakes,78.78788
347090,05/25/2023,Charlotte au citron,tarte au citron,82.35294
347359,05/27/2023,red velvet cake,red velvet cake,100.0
347375,05/27/2023,trad. bakewell tart,bakewell tart,81.25
347514,05/28/2023,sticky toffee pudding ~, sticky toffee puddings,91.304344
347823,05/30/2023,Focaccia!,focaccia,82.35294
347943,05/31/2023,Viennese Whirls, viennese whirls,83.870964
348086,06/01/2023,Red Velvet Cake,red velvet cake,80.0
348864,06/07/2023,Baguettes, baguettes,84.210526
349585,06/12/2023,A red velvet cake,red velvet cake,93.75
350344,06/17/2023,Fraisier cake,frasier cake,88.0
350345,06/17/2023,Fraisier cake,frasier cake,88.0
350558,06/18/2023,Pineapple upside-down cake, miniature pineapple upside-down cakes,78.125
351040,06/22/2023,Frasier cake,frasier cake,91.666664
351529,06/26/2023,S'mores!,s'mores,80.0
351795,06/27/2023,No dye red velvet cake?,red velvet cake,78.947365
351984,06/29/2023,Tarte au Citron,tarte au citron,86.666664
352456,07/03/2023,Classic lemon meringue pie!,lemon meringue pie,80.0
352656,07/04/2023,Fresh baguettes, baguettes,80.0
352838,07/05/2023,More ciabatas, ciabattas,78.26087
352896,07/05/2023,Chocolate Soufflé,chocolate soufflé,88.23529
353109,07/07/2023,Lemon Meringue Pie,lemon meringue pie,83.333336
353920,07/12/2023,Tiramisu cake,tiramisu cake,92.30769
354351,07/16/2023,A red velvet cake,red velvet cake,93.75
355116,07/21/2023,Bakewell tart 🥧,bakewell tart,85.71429
355117,07/21/2023,Bakewell tart 🥧,bakewell tart,85.71429
356162,07/30/2023,Chocolate Babka,chocolate babka,86.666664
356256,07/30/2023,Chocolate babka,chocolate babka,93.333336
356262,07/30/2023,cherry cake,cherry cake,100.0
356464,08/01/2023,Focaccia,focaccia,87.5
356525,08/01/2023,chocolate pudding, molten chocolate puddings,79.06977
356653,08/02/2023,Chocolate cake, chocolate teacakes,78.78788
356886,08/04/2023,Red velvet cake mix,red velvet cake,82.35294
357028,08/05/2023,Tiramisu cupcakes,tiramisu cake,80.0
357535,08/09/2023,I made a pineapple upside down cake, miniature pineapple upside-down cakes,82.19178
357661,08/10/2023,First pineapple upside down cake, miniature pineapple upside-down cakes,80.0
358340,08/15/2023,Lemon meringue cake,lemon meringue pie,81.08108
358999,08/20/2023,English muffins, english muffins,90.32258
359197,08/21/2023,Red velvet cookie,red velvet cake,81.25
359829,08/26/2023,Focaccia,focaccia,87.5
360279,08/29/2023,Cherry cake,cherry cake,90.90909
360633,09/01/2023,Angel Food Cake,angel food cake,80.0
361414,09/07/2023,Angel food cake pan,angel food cake,82.35294
361906,09/11/2023,Chocolate cake, chocolate teacakes,78.78788
361935,09/11/2023,Baguettes, baguettes,84.210526
362222,09/13/2023,Mille feuilles,mille-feuille,81.48148
362775,09/17/2023,Mille feuille,mille-feuille,84.61539
362816,09/18/2023,focaccia,focaccia,100.0
363346,09/22/2023,Irish Pasties,cornish pasties,78.57143
363347,09/22/2023,Irish Pasties,cornish pasties,78.57143
363984,09/26/2023,Chocolate cake, chocolate teacakes,78.78788
364244,09/28/2023,Lemon meringue pie 🥧,lemon meringue pie,89.47369
364537,09/30/2023,sausage rolls, vegan sausage rolls,78.78788
364693,10/02/2023,Sticky Toffee Pudding, sticky toffee puddings,81.818184
366093,10/11/2023,Soft chocolate cake, chocolate teacakes,78.947365
366360,10/13/2023,pasteis de nata, pastéis de nata,90.32258
367527,10/20/2023,My Devonshire Splits ❤️, devonshire splits,78.04878
367571,10/21/2023,Lemon meringue pie,lemon meringue pie,94.44444
367871,10/22/2023,Chocolate cake, chocolate teacakes,78.78788
367918,10/22/2023,Focaccia,focaccia,87.5
368403,10/25/2023,Angel food cake fail,angel food cake,80.0
368548,10/26/2023,Kouign-amann!,kougin-amann,80.0
368587,10/26/2023,Chocolate Babka,chocolate babka,86.666664
368854,10/28/2023,Scones,scones,83.333336
368897,10/28/2023,Tiramisu Cupcakes,tiramisu cake,80.0
369243,10/30/2023,Focaccia,focaccia,87.5
369411,10/31/2023,Tarte au Citron,tarte au citron,86.666664
369780,11/03/2023,Fondant Fancies, fondant fancies,83.870964
370378,11/07/2023,Bakewell Tart,bakewell tart,84.61539
370647,11/09/2023,chocolate babka is <3,chocolate babka,83.333336
371297,11/14/2023,First lemon meringue pie! 🍋,lemon meringue pie,80.0
371762,11/17/2023,tarte aux pommes,tart aux pommes,96.77419
371886,11/17/2023,red velvet cake,red velvet cake,100.0
373286,11/24/2023,Chocolate cake, chocolate teacakes,78.78788
373440,11/25/2023,Red Velvet Cake,red velvet cake,80.0
373928,11/28/2023,Chocolate cake, chocolate teacakes,78.78788
374361,12/01/2023,Mini chocolate cake, chocolate teacakes,78.947365
374428,12/02/2023,chocolate cake, chocolate teacakes,84.84849
375395,12/07/2023,Sad lemon meringue pie 🥲,lemon meringue pie,85.71429
375566,12/08/2023,Pumpkin chocolate babka,chocolate babka,78.947365
376439,12/12/2023,Bakewell Tart,bakewell tart,84.61539
376923,12/15/2023,Chocolate babka,chocolate babka,93.333336
376926,12/15/2023,Chocolate babka,chocolate babka,93.333336
377058,12/16/2023,Focaccia,focaccia,87.5
377379,12/17/2023,Florentines!, florentines,83.333336
379760,12/26/2023,Chocolate cake, chocolate teacakes,78.78788
379848,12/27/2023,chocolate bow,chocolate babka,78.57143
380450,12/31/2023,Red Velvet Cake,red velvet cake,80.0
380579,01/01/2024,Sticky toffee pudding!, sticky toffee puddings,88.888885
380740,01/01/2024,Caterpillar Cake!,caterpiller cake,78.78788
380822,01/02/2024,Lemon meringue pie!,lemon meringue pie,91.89189
380826,01/02/2024,Chocolate Babka,chocolate babka,86.666664
380968,01/03/2024,Lemon meringue cake,lemon meringue pie,81.08108
381075,01/04/2024,Chocolate cake, chocolate teacakes,78.78788
381345,01/06/2024,Mini sticky toffee puddings, sticky toffee puddings,92.0
381475,01/07/2024,Angel food cake,angel food cake,93.333336
381743,01/08/2024,Focaccia ,focaccia,82.35294
382522,01/14/2024,Chocolate babka,chocolate babka,93.333336
382854,01/15/2024,Chocolate babka 😋,chocolate babka,87.5
383820,01/22/2024,Sticky toffee pudding cake, sticky toffee puddings,81.63265
384744,01/28/2024,Sacher Torte,sachertorte,78.26087
385286,02/01/2024,Red velvet cake,red velvet cake,93.333336
385812,02/04/2024,Lemon meringue cake,lemon meringue pie,81.08108
385816,02/04/2024,Lemon meringue cake,lemon meringue pie,81.08108
385871,02/05/2024,Sticky Toffee Pudding, sticky toffee puddings,81.818184
385966,02/05/2024,My first pineapple upside down cake., miniature pineapple upside-down cakes,78.37838
386246,02/07/2024,Scones,scones,83.333336
386623,02/10/2024,Red velvet Cupcakes,red velvet cake,82.35294
387204,02/13/2024,I made chocolate soufflés,chocolate soufflé,80.95238
387542,02/15/2024,Red velvet cupcakes,red velvet cake,82.35294
387641,02/16/2024,Red velvet cupcakes,red velvet cake,82.35294
387936,02/17/2024,Chocolate Souffle,chocolate soufflé,82.35294
388139,02/18/2024,Lemon meringue pie,lemon meringue pie,94.44444
388141,02/19/2024,Lemon meringue,lemon meringue pie,81.25
388995,02/24/2024,Florentines, florentines,86.95652
389296,02/26/2024,Focaccia,focaccia,87.5
389387,02/26/2024,Red velvet cake ,red velvet cake,90.32258
389867,03/01/2024,A happy lemon meringue pie,lemon meringue pie,81.818184
390002,03/02/2024,First lemon meringue pie!,lemon meringue pie,83.72093
390104,03/03/2024,cherry cake,cherry cake,100.0
390220,03/03/2024,Made chocolate cake, chocolate teacakes,78.947365
390560,03/06/2024,Lemon meringue cookies,lemon meringue pie,80.0
391188,03/10/2024,Chocolate cake, chocolate teacakes,78.78788
392082,03/16/2024,Green velvet cake,red velvet cake,87.5
392470,03/19/2024,choco babka,chocolate babka,84.61539
392576,03/19/2024,Lemon meringue pie,lemon meringue pie,94.44444
392750,03/21/2024,My chocolate rolls🤗, chocolate mini rolls,80.0
393073,03/23/2024,Red velvet cookies,red velvet cake,78.78788
393463,03/26/2024,Creme caramel,crème caramel,84.61539
394125,03/30/2024,Stroopwafels, stroopwafels,88.0
394225,03/30/2024,lemon meringue pie,lemon meringue pie,100.0
394302,03/31/2024,Baguettes!, baguettes,80.0
394439,03/31/2024,Easter cake,frasier cake,78.26087
394780,04/02/2024,English muffins, english muffins,90.32258
394885,04/03/2024,Chocolate Babka,chocolate babka,86.666664
394886,04/03/2024,Chocolate Babka,chocolate babka,86.666664
394977,04/04/2024,Chocolate babka,chocolate babka,93.333336
395016,04/04/2024,Pumpkin-chocolate babka,chocolate babka,78.947365
395301,04/06/2024,Red velvet cake,red velvet cake,93.333336
395637,04/09/2024,Easter cake,frasier cake,78.26087
395683,04/09/2024,First lemon meringue pie,lemon meringue pie,85.71429
395810,04/10/2024,English Muffins, english muffins,83.870964
395955,04/11/2024,Tiramisu Cake,tiramisu cake,84.61539
396080,04/12/2024,Vegan chocolate babka,chocolate babka,83.333336
396304,04/14/2024,lemon meringue pie fail :(,lemon meringue pie,81.818184
396549,04/16/2024,2 Lemon meringue pies,lemon meringue pie,87.17949
396550,04/16/2024,2 lemon meringue pies,lemon meringue pie,92.30769
396618,04/17/2024,Chocolate cake, chocolate teacakes,78.78788
396628,04/17/2024,Focaccia,focaccia,87.5
396886,04/19/2024,Red velvet cookies,red velvet cake,78.78788
396963,04/20/2024,Chocolate cake, chocolate teacakes,78.78788
397151,04/21/2024,Sticky toffee pudding recipe, sticky toffee puddings,78.43137
397659,04/25/2024,Red velvet cake,red velvet cake,93.333336
398499,05/02/2024,Lemon meringue pie for 15,lemon meringue pie,79.06977
398731,05/03/2024,Pineapple upside-down cake, miniature pineapple upside-down cakes,78.125
398732,05/03/2024,Pineapple upside-down cake, miniature pineapple upside-down cakes,78.125
399031,05/05/2024,My first pineapple upside down cake!, miniature pineapple upside-down cakes,78.37838
399486,05/09/2024,Focaccia,focaccia,87.5
399603,05/10/2024,Focaccia,focaccia,87.5
399702,05/11/2024,Sacher cake,cherry cake,81.818184
399899,05/12/2024,Angel food cake,angel food cake,93.333336
400110,05/13/2024,White chocolate raspberry cheesecake 🩷, white chocolate and blackberry cheesecakes,79.012344
400194,05/14/2024,Some chocolate babka😍,chocolate babka,83.333336
401353,05/22/2024,Chocolate cake, chocolate teacakes,78.78788
402005,05/26/2024,chocolate cake, chocolate teacakes,84.84849
402370,05/28/2024,Focaccia,focaccia,87.5
402649,05/31/2024,Bakewell Tart,bakewell tart,84.61539
402810,06/01/2024,Focaccia ,focaccia,82.35294
403444,06/05/2024,Focaccia ,focaccia,82.35294
403717,06/07/2024,Focaccia,focaccia,87.5
403813,06/07/2024,Lemon Meringue Pie,lemon meringue pie,83.333336
404185,06/10/2024,Bakewell tart,bakewell tart,92.30769
404199,06/10/2024,Angel food cake,angel food cake,93.333336
404280,06/10/2024,Angel Food Cake,angel food cake,80.0
404467,06/11/2024,Mini angel food cakes ,angel food cake,81.08108
404605,06/12/2024,focaccia,focaccia,100.0
404636,06/12/2024,English muffin, english muffins,86.666664
404871,06/14/2024,Lemon meringue pie 🍋,lemon meringue pie,89.47369
405377,06/17/2024,Dark chocolate blackberry cheesecake , white chocolate and blackberry cheesecakes,80.0
405435,06/17/2024,Lemon meringue pie 🍋,lemon meringue pie,89.47369
406091,06/21/2024,Lemon meringue pie :),lemon meringue pie,87.17949
406684,06/25/2024,red velvet cookies,red velvet cake,84.84849
407217,06/28/2024,Chocolate mould,chocolate roulade,81.25
407270,06/29/2024,chocolate Babka,chocolate babka,93.333336
407498,06/30/2024,tiramisù cake ☕,tiramisu cake,85.71429
407711,07/02/2024,Red velvet cake 🍰,red velvet cake,87.5
407803,07/02/2024,Red velvet cupcakes,red velvet cake,82.35294
408370,07/06/2024,English muffins!, english muffins,87.5
408437,07/06/2024,Chocolate Souffle,chocolate soufflé,82.35294
408675,07/08/2024,Red Velvet Cake,red velvet cake,80.0
409440,07/14/2024,tiramisù cake ☕,tiramisu cake,85.71429
410034,07/19/2024,My tiramisu cake,tiramisu cake,89.655174
410063,07/19/2024,Victoria Sandwich,victoria sandwich,88.23529
410466,07/22/2024,Red velvet cake !,red velvet cake,87.5
410500,07/22/2024,Focaccia ,focaccia,82.35294
410985,07/27/2024,Chocolate cake, chocolate teacakes,78.78788
411061,07/27/2024,Focaccia ,focaccia,82.35294
411689,08/01/2024,Chocolate cake, chocolate teacakes,78.78788
412245,08/05/2024,Fraisier Cake,frasier cake,80.0
412372,08/06/2024,chocolate cake, chocolate teacakes,84.84849
412821,08/10/2024,Angel food cake!,angel food cake,90.32258
413051,08/11/2024,Baguettes, baguettes,84.210526
414853,08/25/2024,Focaccia ,focaccia,82.35294
414983,08/25/2024,Treacle Tart ,treacle tart,80.0
415892,09/01/2024,Sticky Toffee Pudding , sticky toffee puddings,80.0
415912,09/01/2024,Angel Food Cake,angel food cake,80.0
416382,09/04/2024,Lemon meringue cake,lemon meringue pie,81.08108
416383,09/04/2024,Lemon meringue cake,lemon meringue pie,81.08108
416384,09/04/2024,Lemon meringue cake,lemon meringue pie,81.08108
416413,09/04/2024,Lemon Meringue Pie ,lemon meringue pie,81.08108
416789,09/07/2024,Chocolate cake, chocolate teacakes,78.78788
416822,09/07/2024,Angel food cake! ,angel food cake,87.5
420446,10/01/2024,Sacher torte,sachertorte,86.95652
421224,10/06/2024,Lemon Meringue Pie,lemon meringue pie,83.333336
422030,10/11/2024,Red Velvet Cake,red velvet cake,80.0
422906,10/17/2024,Focaccia ,focaccia,82.35294
423014,10/17/2024,Red velvet cake! ,red velvet cake,87.5
423107,10/18/2024,Lemon Meringue Pie ,lemon meringue pie,81.08108
423260,10/19/2024,Vampire velvet cake!,red velvet cake,80.0
423839,10/22/2024,lemon meringue pie,lemon meringue pie,100.0
424503,10/27/2024,English muffins, english muffins,90.32258
424655,10/27/2024,First pain aux raisins 🥹,pain aux raisins,80.0
424689,10/27/2024,Lemon meringue pie ,lemon meringue pie,91.89189
425179,10/30/2024,Red velvet Cupcakes ,red velvet cake,80.0
425258,10/31/2024,Purple velvet cake,red velvet cake,84.84849
425395,11/01/2024,Scones,scones,83.333336
426269,11/07/2024,Chocolate cake, chocolate teacakes,78.78788
426380,11/07/2024,Made some mini pineapple upside down cakes, miniature pineapple upside-down cakes,80.0
426980,11/11/2024,Angel Food Cake,angel food cake,80.0
427507,11/14/2024,Tiramisu Cake ,tiramisu cake,81.48148
427809,11/16/2024,Red Velvet Cake,red velvet cake,80.0
428295,11/18/2024,Lemon meringue pie,lemon meringue pie,94.44444
428664,11/20/2024,Focaccia,focaccia,87.5
428945,11/22/2024,Sticky toffee pudding 🍮 , sticky toffee puddings,85.106384
429294,11/24/2024,First red velvet cake! ,red velvet cake,78.947365
429728,11/26/2024,sticky toffee pudding for bfs dad, sticky toffee puddings,78.57143
429995,11/27/2024,Red velvet cake ,red velvet cake,90.32258
431137,12/01/2024,Chocolate Babka ,chocolate babka,83.870964
431653,12/03/2024,Orange white chocolate and cranberry cheesecake , white chocolate and blackberry cheesecakes,83.51649
431993,12/05/2024,Chocolate Babka ,chocolate babka,83.870964
432351,12/07/2024,Dark chocolate babka ,chocolate babka,83.333336
433348,12/12/2024,Pasteis de nata, pastéis de nata,83.870964
433725,12/14/2024,Pasteis de nata😋, pastéis de nata,81.25
433758,12/14/2024,Angel food cake .,angel food cake,87.5
433953,12/15/2024,Focaccia,focaccia,87.5
434291,12/16/2024,Bakewell tart,bakewell tart,92.30769
434568,12/17/2024,Scones,scones,83.333336
436177,12/23/2024,Lemon meringue pie ,lemon meringue pie,91.89189
437672,12/27/2024,Sticky Toffee Pudding, sticky toffee puddings,81.818184
437880,12/28/2024,Lemon Meringue Pie ,lemon meringue pie,81.08108
438148,12/29/2024,Red velvet cake 🎂 ,red velvet cake,84.84849
438337,12/30/2024,sticky toffee pudding, sticky toffee puddings,95.454544
438450,12/31/2024,Homemade sticky toffee pudding, sticky toffee puddings,83.01887
438497,12/31/2024,Red velvet cake ,red velvet cake,90.32258
438877,01/02/2025,Chocolate bar,chocolate babka,78.57143
439010,01/03/2025,Chocolate babka,chocolate babka,93.333336
439107,01/03/2025,red velvet cake for nye,red velvet cake,78.947365
439109,01/03/2025,red velvet cake for nye,red velvet cake,78.947365
439309,01/04/2025,Lemon meringue pie ,lemon meringue pie,91.89189
439453,01/05/2025,Lime meringue pie,lemon meringue pie,80.0
440449,01/11/2025,First baguettes, baguettes,80.0
440718,01/12/2025,Fortune Cookies, fortune cookies,83.870964
441682,01/18/2025,Red velvet cake,red velvet cake,93.333336
441783,01/19/2025,red velvet ,red velvet cake,84.61539
441892,01/19/2025,focaccia!,focaccia,94.117645
442251,01/21/2025,Hazelnut dacquoise,hazelnut dacquoise,94.44444
443191,01/26/2025,Focaccia,focaccia,87.5
443217,01/26/2025,Red Velvet Cake,red velvet cake,80.0
444199,02/01/2025,White chocolate and raspberry cheesecake, white chocolate and blackberry cheesecakes,86.74699
444856,02/05/2025,White chocolate raspberry cheesecake, white chocolate and blackberry cheesecakes,81.01266
444924,02/05/2025,Angel food cake!,angel food cake,90.32258
445078,02/06/2025,lemon meringue cupcakes🍋🧁,lemon meringue pie,79.06977
445817,02/10/2025,"White chocolate, lemon, blueberry Cheesecake", white chocolate and blackberry cheesecakes,78.16092
446268,02/12/2025,Red velvet cake 🎂,red velvet cake,87.5
446436,02/13/2025,Red Velvet Cupcake,red velvet cake,78.78788
446615,02/14/2025,Red velvet cake🥰🌹,red velvet cake,87.5
447633,02/20/2025,Red velvet cake,red velvet cake,93.333336
447691,02/20/2025,Crème Carmel,crème caramel,80.0
447976,02/22/2025,Baguettes, baguettes,84.210526
448145,02/23/2025,I made a pineapple upside-down cake:), miniature pineapple upside-down cakes,82.666664
449016,02/28/2025,chocolate mousse,chocolate roulade,78.78788
449162,03/01/2025,English Muffins, english muffins,83.870964
450399,03/09/2025,Lemon Meringue Pie,lemon meringue pie,83.333336
450427,03/09/2025,Lemon meringue pie,lemon meringue pie,94.44444
450581,03/10/2025,Red Velvet Cake,red velvet cake,80.0
450787,03/11/2025,sticky date pudding, sticky toffee puddings,80.95238
450798,03/11/2025,Focaccia,focaccia,87.5
452028,03/18/2025,Scones,scones,83.333336
452434,03/21/2025,Sticky Toffee Pudding, sticky toffee puddings,81.818184
452740,03/22/2025,Belgian buns!, belgian buns,84.61539
453098,03/24/2025,✨Tarte au Citron✨,tarte au citron,81.25
453149,03/25/2025,Chocolate cake, chocolate teacakes,78.78788
453605,03/28/2025,Chocolate cake, chocolate teacakes,78.78788
453837,03/29/2025,Red velvet cupcakes,red velvet cake,82.35294
453985,03/30/2025,red velvet,red velvet cake,80.0
454505,04/03/2025,chocolate danish rolls, chocolate mini rolls,83.72093
455561,04/10/2025,focaccia,focaccia,100.0
456620,04/16/2025,Red Velvet Cake,red velvet cake,80.0
456675,04/17/2025,Scones,scones,83.333336
457265,04/20/2025,Lemon Meringue Pie,lemon meringue pie,83.333336
457318,04/20/2025,Focaccia,focaccia,87.5
457871,04/22/2025,red velvet cookies,red velvet cake,84.84849
458178,04/25/2025,Bakewell tart!,bakewell tart,88.888885
458399,04/26/2025,Lemon and thyme loaf cake,lemon and thyme drizzle cake,79.245285
458400,04/26/2025,Lemon and thyme loaf cake,lemon and thyme drizzle cake,79.245285
458599,04/27/2025,english muffins!, english muffins,93.75
458600,04/27/2025,english muffins!, english muffins,93.75
458789,04/29/2025,Red Velvet Cake,red velvet cake,80.0
459257,05/03/2025,Scones,scones,83.333336
459471,05/04/2025,Angel Food Cake,angel food cake,80.0
460090,05/08/2025,Mille-Feuille,mille-feuille,84.61539
460125,05/09/2025,Focaccia,focaccia,87.5
460750,05/12/2025,Angel food cake,angel food cake,93.333336
460971,05/14/2025,Lemon meringue pie ✨🍋,lemon meringue pie,87.17949
460974,05/14/2025,Lemon meringue pie 🍋,lemon meringue pie,89.47369
460975,05/14/2025,Lemon meringue pie 🍋,lemon meringue pie,89.47369
460976,05/14/2025,Lemon meringue pie,lemon meringue pie,94.44444
461908,05/20/2025,Red velvet cookies,red velvet cake,78.78788
462454,05/24/2025,Focaccia💕,focaccia,82.35294
462490,05/24/2025,Watery lemon meringue pie,lemon meringue pie,83.72093
462744,05/25/2025,Fraisier cake,frasier cake,88.0
462753,05/26/2025,tiramisu cake,tiramisu cake,100.0
463283,05/29/2025,Angel food cake,angel food cake,93.333336
464306,06/05/2025,Red Velvet Cake,red velvet cake,80.0
464390,06/06/2025,focaccia!,focaccia,94.117645
464989,06/10/2025,Chocolate Babka,chocolate babka,86.666664
464990,06/10/2025,Chocolate Babka,chocolate babka,86.666664
464991,06/10/2025,Chocolate Babka,chocolate babka,86.666664
465065,06/10/2025,Angel Food Cake,angel food cake,80.0
465135,06/11/2025,Focaccia!,focaccia,82.35294
466869,06/22/2025,Chocolate cake, chocolate teacakes,78.78788
466980,06/23/2025,Sachertorte,sachertorte,90.90909
467394,06/26/2025,Chocolate cake, chocolate teacakes,78.78788
467419,06/26/2025,Focaccia,focaccia,87.5
467567,06/27/2025,Focaccia,focaccia,87.5
467648,06/28/2025,Red Velvet Cake,red velvet cake,80.0
468438,07/03/2025,Dark chocolate cake, chocolate teacakes,78.947365
468586,07/04/2025,Sticky toffee pudding!, sticky toffee puddings,88.888885
468934,07/06/2025,Sticky toffee pudding, sticky toffee puddings,90.90909
469120,07/08/2025,Angel Food Cake,angel food cake,80.0
469234,07/08/2025,Bakewell tart,bakewell tart,92.30769
469245,07/08/2025,Focaccia,focaccia,87.5
469261,07/08/2025,Homemade pineapple upside down cake, miniature pineapple upside-down cakes,79.45206
470801,07/18/2025,Focaccia,focaccia,87.5
470933,07/19/2025,Scones,scones,83.333336
471630,07/24/2025,Focaccia!,focaccia,82.35294
471741,07/25/2025,Chocolate cake, chocolate teacakes,78.78788
471844,07/25/2025,Scones,scones,83.333336
472751,07/31/2025,Bakewell tart,bakewell tart,92.30769
472936,08/02/2025,English Muffins, english muffins,83.870964
473046,08/02/2025,Focaccia!,focaccia,82.35294
473330,08/04/2025,Pasteis de nata, pastéis de nata,83.870964
473493,08/05/2025,red velvet fail,red velvet cake,80.0
474518,08/12/2025,Scones,scones,83.333336
474763,08/13/2025,Chocolate cake, chocolate teacakes,78.78788
474846,08/14/2025,Chocolate cake, chocolate teacakes,78.78788
475228,08/16/2025,Home made English muffins, english muffins,78.04878
475229,08/16/2025,Tiramisu cupcake,tiramisu cake,82.75862
475719,08/19/2025,focaccia,focaccia,100.0
476238,08/23/2025,chocolate cake, chocolate teacakes,84.84849
476421,08/24/2025,Homemade english muffins, english muffins,80.0
476527,08/25/2025,Focaccia,focaccia,87.5
476560,08/25/2025,Focaccia,focaccia,87.5
476989,08/28/2025,Chocolate cake, chocolate teacakes,78.78788
477116,08/29/2025,Chocolate cake, chocolate teacakes,78.78788
477210,08/29/2025,Lemon Meringue Pie,lemon meringue pie,83.333336
477238,08/30/2025,Lemon meringue pie!,lemon meringue pie,91.89189
477562,09/01/2025,Chocolate Babka,chocolate babka,86.666664
478169,09/05/2025,Red velvet cookies,red velvet cake,78.78788
478537,09/08/2025,3rd ever cake,red velvet cake,78.57143
480049,09/18/2025,Giant red velvet cake,red velvet cake,83.333336
480115,09/19/2025,Pastéis de Nata, pastéis de nata,83.870964
480171,09/19/2025,chocolate cupcakes, chocolate teacakes,81.08108
480239,09/20/2025,A tiny pineapple upside-down cake, miniature pineapple upside-down cakes,84.50704
480315,09/20/2025,Lemon meringue pie,lemon meringue pie,94.44444
480378,09/21/2025,Red velvet cake help,red velvet cake,80.0
481125,09/26/2025,mini bakewell tarts!,bakewell tart,78.78788
481454,09/28/2025,Chocolate Babka,chocolate babka,86.666664
481960,10/01/2025,Scones,scones,83.333336
482474,10/04/2025,Red velvet cookies,red velvet cake,78.78788
482857,10/06/2025,Sticky Toffee Pudding✨✨, sticky toffee puddings,78.26087
483222,10/09/2025,Red velvet cake,red velvet cake,93.333336
483509,10/11/2025,Focaccia,focaccia,87.5
483740,10/12/2025,Sticky toffee pudding 😋, sticky toffee puddings,86.95652
484174,10/15/2025,focaccia!!,focaccia,88.888885
484542,10/17/2025,Tiramisu cake 🎂🌹,tiramisu cake,82.75862
484823,10/19/2025,I made chocolate babka,chocolate babka,81.08108
484842,10/19/2025,Chocolate Babka,chocolate babka,86.666664
485824,10/25/2025,Lemon meringue cake,lemon meringue pie,81.08108
486108,10/26/2025,Chocolate Soufflé,chocolate soufflé,88.23529
486121,10/27/2025,Tart au citron,tarte au citron,89.655174
486746,10/30/2025,Chocolate stout soufflés,chocolate soufflé,78.04878
486784,10/31/2025,Chocolate cake, chocolate teacakes,78.78788
486989,11/01/2025,I made English muffins, english muffins,84.210526
487197,11/02/2025,Tiramisu cupcakes,tiramisu cake,80.0
487741,11/06/2025,First go at sticky toffee pudding, sticky toffee puddings,78.57143
487935,11/07/2025,Focaccia,focaccia,87.5
487936,11/07/2025,Focaccia,focaccia,87.5
488109,11/08/2025,Custard Creams😍, custard creams,80.0
488227,11/09/2025,Homemade fortune cookies, fortune cookies,80.0
488424,11/10/2025,Baguettes, baguettes,84.210526
489279,11/16/2025,Sticky toffee pudding 🍮, sticky toffee puddings,86.95652
490715,11/24/2025,Chocolate cake, chocolate teacakes,78.78788
490797,11/24/2025,Lemon Meringue Pie 🥧,lemon meringue pie,78.947365
491322,11/26/2025,Tiramisu cake,tiramisu cake,92.30769
491637,11/27/2025,Pineapple upside-down cake, miniature pineapple upside-down cakes,78.125
492547,12/02/2025,My first lemon meringue pie,lemon meringue pie,80.0
492776,12/03/2025,White and dark chocolate cake with raspberries,the signature chocolate cake with fresh raspberries,78.35052
493092,12/05/2025,Viennese Swirls, viennese whirls,83.870964
493160,12/06/2025,chocolate bread,chocolate roulade,81.25
493227,12/06/2025,Chocate soufflés,chocolate soufflé,84.84849
493997,12/10/2025,Chocolate Babka,chocolate babka,86.666664
494263,12/11/2025,Red Velvet Cake,red velvet cake,80.0
494569,12/13/2025,Sticky toffee pudding cookies, sticky toffee puddings,80.76923
494593,12/13/2025,scones,scones,100.0
494598,12/13/2025,Lemon Meringue Pie,lemon meringue pie,83.333336
495331,12/17/2025,More cookies, fortune cookies,78.57143
495663,12/18/2025,Hawksmoor sticky toffee pudding, sticky toffee puddings,81.48148
496820,12/23/2025,1st time pineapple upside down cake!, miniature pineapple upside-down cakes,78.37838
497191,12/24/2025,Sticky Toffee Pudding, sticky toffee puddings,81.818184
497844,12/26/2025,My first stick toffee puddings!, sticky toffee puddings,81.48148
498150,12/28/2025,Sticky toffee pudding :D, sticky toffee puddings,85.106384
498442,12/30/2025,Focaccia.,focaccia,82.35294
498661,12/31/2025,Lemon meringue,lemon meringue pie,81.25
498876,01/01/2026,Sachertorte,sachertorte,90.90909
499378,01/04/2026,Viennese whirls, viennese whirls,90.32258
499496,01/04/2026,English muffins, english muffins,90.32258
499665,01/06/2026,HELP red velvet cake,red velvet cake,85.71429
499895,01/07/2026,Angel Food Cake,angel food cake,80.0
499914,01/07/2026,Fraisier Cake,frasier cake,80.0
499926,01/08/2026,Angel food cake,angel food cake,93.333336
499927,01/08/2026,Angel food cake,angel food cake,93.333336
500236,01/10/2026,My first pineapple upside down cake, miniature pineapple upside-down cakes,79.45206
500304,01/10/2026,Focaccia,focaccia,87.5
501217,01/17/2026,Red velvet cookies,red velvet cake,78.78788
501218,01/17/2026,Red velvet cookies,red velvet cake,78.78788
501220,01/17/2026,Red velvet cookies,red velvet cake,78.78788
501221,01/17/2026,Red velvet cookies,red velvet cake,78.78788
501304,01/17/2026,Red velvet cookies,red velvet cake,78.78788
501412,01/18/2026,English muffins., english muffins,87.5
501898,01/21/2026,Focaccia!,focaccia,82.35294
502114,01/22/2026,Mille-Feuille,mille-feuille,84.61539
502344,01/24/2026,Sticky toffee pudding, sticky toffee puddings,90.90909
502471,01/25/2026,Tiramisu Cake,tiramisu cake,84.61539
503271,01/29/2026,red velvet loaf cake!!,red velvet cake,81.08108
503319,01/29/2026,Baguettes, baguettes,84.210526
503335,01/30/2026,Chocolate Babka!,chocolate babka,83.870964
503573,01/31/2026,Chocolate cake, chocolate teacakes,78.78788
503617,01/31/2026,Florentines, florentines,86.95652
503692,02/01/2026,Lemon meringue Pie,lemon meringue pie,88.888885
503709,02/01/2026,Sticky Toffee Pudding, sticky toffee puddings,81.818184
504590,02/07/2026,My first lemon meringue pie!,lemon meringue pie,78.26087
505269,02/11/2026,Cherry Cake,cherry cake,81.818184
506846,02/21/2026,Double chocolate cakes, chocolate teacakes,78.04878
506849,02/21/2026,chocolate babka,chocolate babka,100.0
507112,02/22/2026,My favorite cookies, fortune cookies,80.0
507460,02/24/2026,I made ginger biscuits :), ginger biscuits,78.04878
508078,02/28/2026,English muffins, english muffins,90.32258
508348,03/02/2026,Help with fortune cookies, fortune cookies,78.04878
508363,03/02/2026,Chocolate Babka,chocolate babka,86.666664
508398,03/02/2026,Viennese Swirls, viennese whirls,83.870964
508430,03/02/2026,Sticky toffee pudding, sticky toffee puddings,90.90909
508535,03/03/2026,Red velvet cookies,red velvet cake,78.78788
508675,03/04/2026,2 am pineapple upside down cake, miniature pineapple upside-down cakes,81.159424
508777,03/05/2026,the best sticky toffee pudding, sticky toffee puddings,83.01887
508918,03/06/2026,Devonshire splits, devonshire splits,91.42857
509195,03/08/2026,White chocolate raspberry cheesecake!!, white chocolate and blackberry cheesecakes,79.012344
509809,03/11/2026,red velvet cookies,red velvet cake,84.84849
510410,03/15/2026,lemon meringue pi,lemon meringue pie,97.14286
510929,03/18/2026,Biscoff sticky toffee pudding 🍮, sticky toffee puddings,81.48148
511025,03/19/2026,Hot chocolate cake, chocolate teacakes,81.08108
511031,03/19/2026,Chocolate Babka,chocolate babka,86.666664
511085,03/19/2026,Choco roulade,chocolate roulade,80.0
511303,03/20/2026,Angel Food Cake,angel food cake,80.0
511407,03/21/2026,Baguettes, baguettes,84.210526
511638,03/22/2026,Red velvet cake,red velvet cake,93.333336
511641,03/22/2026,Red Velvet Cake,red velvet cake,80.0
512012,03/24/2026,Chocolate cake, chocolate teacakes,78.78788
512048,03/25/2026,Red Velvet Cake,red velvet cake,80.0
512068,03/25/2026,Red Velvet Cake,red velvet cake,80.0
512320,03/26/2026,Lemon Meringue Pie,lemon meringue pie,83.333336
512957,03/30/2026,Chocolate cake, chocolate teacakes,78.78788
513040,03/31/2026,shaping rolls,spring rolls,88.0
513041,03/31/2026,shaping rolls,spring rolls,88.0
513237,04/01/2026,Chocolate cake, chocolate teacakes,78.78788
513642,04/04/2026,Angel Food Cake,angel food cake,80.0
513668,04/04/2026,Easter cake,frasier cake,78.26087
514051,04/05/2026,Lemon meringue pie,lemon meringue pie,94.44444
514060,04/05/2026,sachertorte,sachertorte,100.0
514123,04/05/2026,Easter cake,frasier cake,78.26087
514230,04/06/2026,tiramisu cake,tiramisu cake,100.0
514535,04/08/2026,Chocolate Babka,chocolate babka,86.666664
514677,04/09/2026,Chocolate babka,chocolate babka,93.333336
515019,04/11/2026,Red Velvet Cake,red velvet cake,80.0
515286,04/13/2026,chocolate cake, chocolate teacakes,84.84849
516083,04/19/2026,Chocolate cake, chocolate teacakes,78.78788
516818,04/25/2026,Fraisier Cake,frasier cake,80.0
516909,04/25/2026,focaccia,focaccia,100.0
517115,04/27/2026,Focaccia,focaccia,87.5
518500,05/07/2026,Fraisier Cake,frasier cake,80.0
519163,05/10/2026,Focaccia?,focaccia,82.35294
519654,05/14/2026,Focaccia,focaccia,87.5
520005,05/17/2026,Chocolate Babka🍞🍫,chocolate babka,81.25
520006,05/17/2026,Chocolate Babka🍞🍫,chocolate babka,81.25
520051,05/17/2026,lemon meringue pie!,lemon meringue pie,97.297295
520626,05/21/2026,Red velvet Cake,red velvet cake,86.666664
520776,05/22/2026,Lemon meringue pie,lemon meringue pie,94.44444
520836,05/22/2026,Creme caramel,crème caramel,84.61539
521175,05/24/2026,Chocolate Babka,chocolate babka,86.666664
521809,05/29/2026,Chocolate cake, chocolate teacakes,78.78788
522690,06/04/2026,Viennese Whirls 😋, viennese whirls,78.78788
523768,06/12/2026,Lemon Meringue Pie,lemon meringue pie,83.333336
524134,06/14/2026,Chocolate cake, chocolate teacakes,78.78788
524264,06/15/2026,tiramisu cake☕️,tiramisu cake,92.85714
524461,06/17/2026,Chocolate cake, chocolate teacakes,78.78788
524654,06/18/2026,pineapple upside down cake, miniature pineapple upside-down cakes,78.125
524968,06/20/2026,Focaccia,focaccia,87.5
525348,06/23/2026,sticky toffee pudding, sticky toffee puddings,95.454544
525714,06/26/2026,Chocolate cake, chocolate teacakes,78.78788
525761,06/26/2026,Ginger sticky toffee pudding, sticky toffee puddings,86.27451
525818,06/27/2026,Easter cake,frasier cake,78.26087
526858,07/05/2026,My red velvet cake,red velvet cake,90.90909
526927,07/05/2026,White Chocolate and Raspberry Cheesecake!, white chocolate and blackberry cheesecakes,80.95238
527017,07/06/2026,Red velvet cake,red velvet cake,93.333336
527251,07/08/2026,Scones,scones,83.333336
527613,07/11/2026,Sticky Toffee Pudding, sticky toffee puddings,81.818184
527745,07/12/2026,Chocolate Babka,chocolate babka,86.666664
528028,07/14/2026,English Muffins!, english muffins,81.25
528041,07/14/2026,Sticky toffee pudding, sticky toffee puddings,90.90909
528103,07/15/2026,Chocolate cakes, chocolate teacakes,82.35294
528359,07/17/2026,Scones,scones,83.333336
528948,07/21/2026,First pineapple upside down cake!, miniature pineapple upside-down cakes,78.87324
