bakeoff_match,bakeoff_score,Airdate,Season,Episode,Theme,Signature,Signature Time (min),Technical,Technical Time (min),Showstopper,Showstopper Time (min),challenge level numeric,reddit_post_title,reddit_post_date,days_since_air
 viennese whirls,78.947365,2016-08-31,7,2,biscuit,24 iced biscuits,150.0, viennese whirls,90.0,gingerbread 3d scene,240.0,2.0,I made Viennese whirls,2016-09-01,-1 days
 viennese whirls,71.79487,2016-08-31,7,2,biscuit,24 iced biscuits,150.0, viennese whirls,90.0,gingerbread 3d scene,240.0,2.0,I Made Viennese Whirls!,2016-09-04,-4 days
dampfnudel,85.71429,2016-09-07,7,3,bread,chocolate loaf,150.0,dampfnudel,120.0,savoury plaited centrepiece,240.0,,Dampfnudel!,2016-09-11,-4 days
 jumbles,75.0,2016-10-12,7,8,tudor,shaped savoury pie,180.0, jumbles,90.0,3d marchpane cake,210.0,,Jumbles!,2016-10-15,-3 days
 fondant fancies,88.888885,2012-10-16,3,10,final,pithivier,150.0, fondant fancies,150.0,chiffon cake,240.0,2.0,Made fondant fancies,2016-10-24,-1469 days
eight-strand plaited loaf,72.413795,2012-08-21,3,2,bread,12 flatbreads,150.0,eight-strand plaited loaf,120.0,12 sweet and 12 savoury bagels,240.0,,I made the 8 strand plaited loaf!,2018-12-29,-2321 days
queen of puddings,73.17073,2012-09-18,3,6,pudding,2 sponge puddings,120.0,queen of puddings,,strudel,210.0,2.0,I made Queen of Puddings,2019-05-18,-2433 days
 chocolate teacakes,75.55556,2012-10-02,3,8,biscuit,48 crackers,120.0, chocolate teacakes,120.0,gingerbread structure,240.0,2.0,Paul’s Chocolate Teacakes!,2019-09-17,-2541 days
 æbleskiver,78.26087,2018-10-16,9,8,danish,2 smørrebrød,210.0, æbleskiver,60.0,kagemand/kagekone,270.0,1.0,Aebleskiver!,2020-08-16,-670 days
lemon meringue pie,90.0,2022-10-11,13,5,desserts,8 steamed puddings,120.0,lemon meringue pie,120.0,hidden surprise mousse dessert,270.0,2.0,My lemon meringue pie!,2020-09-13,758 days
 miniature pineapple upside-down cakes,71.42857,2020-09-22,11,1,cake,battenberg cake,120.0, miniature pineapple upside-down cakes,90.0,celebrity hero cake bust,240.0,2.0,My attempt at the Pineapple Upside-down Cakes!,2020-09-28,-6 days
 raspberry éclairs &  salted caramel éclairs,71.57895,2020-10-20,11,5,pastry,8 pasties,120.0, raspberry éclairs &  salted caramel éclairs,135.0,caged tart,225.0,,Attempted the raspberry and salted caramel eclairs!,2020-10-26,-6 days
 tuiles,71.42857,2013-09-17,4,5,biscuits and traybakes,favorite traybake,120.0, tuiles,90.0,biscuit tower,240.0,,A title,2020-11-29,-2630 days
tiramisu cake,71.42857,2014-08-27,5,4,dessert,8 self-saucing puddings,120.0,tiramisu cake,150.0,baked alaska,270.0,,Multigrain cake,2021-06-15,-2484 days
red velvet cake,90.32258,2022-09-13,13,1,cake,12 mini sandwich cakes,120.0,red velvet cake,120.0,3d cake home,240.0,2.0,Red velvet cake?,2021-08-07,402 days
malt loaf,77.77778,2021-09-21,12,1,cake,12 mini swill rolls,120.0,malt loaf,120.0,anti-gravity illusion cake,240.0,1.0,Malt Loaf,2021-09-27,-6 days
dampfnudel,90.0,2016-09-07,7,3,bread,chocolate loaf,150.0,dampfnudel,120.0,savoury plaited centrepiece,240.0,,Dampfnudel,2022-12-27,-2302 days
orange and ginger treacle puddings,80.0,2023-11-07,14,7,desserts,8 creme caramels,165.0,orange and ginger treacle puddings,90.0,meringue bombe,,2.0,Paul’s Orange and Ginger Treacle Puddings,2023-11-08,-1 days
tart aux pommes,90.32258,2023-11-21,14,9,patisserie,24 financiers,120.0,tart aux pommes,150.0,millefoglie,240.0,2.0,Tarte aux pommes,2023-12-04,-13 days
 vegan sausage rolls,73.17073,2021-11-09,12,8,free-from,8 dairy-free ice cream sandwiches,180.0, vegan sausage rolls,120.0,gluten-free celebration cake,270.0,2.0,Mattys sausage rolls!,2024-01-01,-783 days
caterpiller cake,81.25,2023-11-14,14,8,party,12 sausage rolls,150.0,caterpiller cake,150.0,anything but beige buffet,270.0,2.0,Caterpillar Cake,2025-04-13,-516 days
