,Airdate,Season,Episode,Theme,Signature,Signature Time (min),Technical,Technical Time (min),Showstopper,Showstopper Time (min),challenge level numeric
0,8/17/2010,1,1,cake,cake,180.0,victoria sandwich,,chocolate celebration cake,,1.0
1,8/24/2010,1,2,biscuit,personality biscuits,120.0,scones,60.0,"meringue, choux, and macaron petits fours",240.0,1.0
2,8/31/2010,1,3,bread,signature bread,210.0,cob,150.0,12 sweet and 12 savoury rolls,360.0,
3,9/7/2010,1,4,pudding,classic pudding,150.0,mini hot lemon soufflés,40.0,"crumble, bread, & suet puddings",300.0,
4,9/14/2010,1,5,pastry,savoury pie,150.0,cornish pasties,90.0,savory canapés and sweet tartlets,300.0,
5,9/21/2010,1,6,final,24 professional tea cakes,150.0,,,96 petit fours,300.0,
6,8/16/2011,2,1,cake,24 cupcakes,120.0,coffee and walnut battenberg,120.0,chocolate tiered cake,300.0,
7,8/23/2011,2,2,tarts,quiche,120.0,tarte au citron,90.0,24 miniature sweet tarts,,
8,8/30/2011,2,3,bread,free form loaf,195.0,focaccia,210.0,12 sweet and 12 savoury rolls,300.0,
9,9/6/2011,2,4,biscuit,12 biscuits,90.0,24 brandy snaps,90.0,3 flavor macaron display,300.0,
10,9/13/2011,2,5,pies,family pie,150.0,6 miniature pork pies,150.0,meringue pie,210.0,2.0
11,9/20/2011,2,6,desserts,baked cheesecake,150.0,chocolate roulade,105.0,croquembouche,300.0,
12,9/27/2011,2,7,pâtisserie,layered mousse cake,120.0,12 iced fingers,,3 types of pastries,,2.0
13,10/4/2011,2,8,final,12 mille-feuille,150.0,sachertorte,160.0,3 types of petits fours,240.0,
14,8/14/2012,3,1,cake,upside down cake,120.0,4 rum babas,180.0,hidden design cake,300.0,
15,8/21/2012,3,2,bread,12 flatbreads,150.0,eight-strand plaited loaf,120.0,12 sweet and 12 savoury bagels,240.0,
16,8/28/2012,3,3,tarts,tarte tatin,150.0,treacle tart,120.0,designer fruit tart,180.0,
17,9/4/2012,3,4,desserts,wheat-free torte cake,180.0,crème caramel,165.0,4 layered meringue dessert,,
18,9/11/2012,3,5,pies,wellington,180.0,hand-raised pie,135.0,family-sized american pie,210.0,
19,9/18/2012,3,6,pudding,2 sponge puddings,120.0,queen of puddings,,strudel,210.0,2.0
20,9/25/2012,3,7,sweet dough,24 sweet buns,180.0,10 jam doughnuts,150.0,celebratory loaf,,
21,10/2/2012,3,8,biscuit,48 crackers,120.0,6 chocolate teacakes,120.0,gingerbread structure,240.0,2.0
22,10/9/2012,3,9,pâtisserie,3 types of petits fours,,frasier cake,150.0,choux pastry gâteau,,
23,10/16/2012,3,10,final,pithivier,150.0,25 fondant fancies,150.0,chiffon cake,240.0,2.0
24,8/20/2013,4,1,cake,sandwich cake,120.0,angel food cake,150.0,chocolate cake,240.0,
25,8/27/2013,4,2,bread,36 breadsticks,120.0,8 english muffins,165.0,decorative loaf,240.0,
26,9/3/2013,4,3,desserts,trifle,180.0,floating islands,90.0,24 petits fours,180.0,
27,9/10/2013,4,4,pies and tarts,double crust fruit pie,120.0,12 egg custard tarts,120.0,filo pie,240.0,
28,9/17/2013,4,5,biscuits and traybakes,favorite traybake,120.0,18 tuiles,90.0,biscuit tower,240.0,
29,9/24/2013,4,6,sweet dough,yeasted tea loaf,180.0,apricot couronne,165.0,24 european sweet buns,270.0,
30,10/1/2013,4,7,pastry,suet pudding,180.0,8 religieuses,120.0,36 sweet puffed pastries,240.0,2.0
31,10/8/2013,4,8,alternative ingredients,wheat-free loaf,180.0,hazelnut dacquoise,165.0,dairy-free vegetable cake,240.0,
32,10/15/2013,4,9,french week,36 canapés,150.0,charlotte royale,150.0,opera cake,150.0,2.0
33,10/22/2013,4,10,final,picnic pie,180.0,6 savory and 6 sweet pretzels,150.0,three tiered wedding cake,400.0,
34,8/6/2014,5,1,cake,swiss roll,150.0,cherry cake,120.0,36 classic miniature british cakes,210.0,
35,8/13/2014,5,2,biscuit,36 savoury biscuits,120.0,18 florentines,105.0,3d biscuit scene,240.0,
36,8/20/2014,5,3,bread,12 rye bread rolls,210.0,4 ciabattas,180.0,filled centrepiece loaf,240.0,2.0
37,8/27/2014,5,4,dessert,8 self-saucing puddings,120.0,tiramisu cake,150.0,baked alaska,270.0,
38,9/3/2014,5,5,pies and tarts,custard tart,150.0,mini pear pies,120.0,three-tiered pie,270.0,
39,9/10/2014,5,6,european cakes,yeast-leavened cake,180.0,prinsesstårta,135.0,dobos torte,300.0,
40,9/17/2014,5,7,pastry,12 savoury parcels,105.0,kougin-amann,210.0,24 éclairs,240.0,
41,9/24/2014,5,8,advanced dough,fruit loaf,150.0,povitica,150.0,36 doughnuts,240.0,
42,10/1/2014,5,9,pâtisserie,24 baklava,210.0,schichttorte,120.0,24 entremets,300.0,
43,10/8/2014,5,10,final,viennoiserie,210.0,"12 mini victoria sandwiches, 12 mini tarte au citron, 12 mini scones",120.0,pièce montée,300.0,
44,8/5/2015,6,1,cake,madeira cake,120.0,frosted walnut layer cake,105.0,black forest gâteau,210.0,2.0
45,8/12/2015,6,2,biscuit,24 biscotti,120.0,8 arlettes,150.0,36 biscuits and an edible biscuit box,240.0,
46,8/19/2015,6,3,bread,2 quick breads,90.0,4 baguettes,150.0,3d bread sculpture,300.0,
47,8/26/2015,6,4,dessert,12 crème brûlées,120.0,spanische windtorte,240.0,three-tiered cheesecake,270.0,
48,9/2/2015,6,5,alternative ingredients,sugar-free cake,150.0,12 gluten-free pita bread,120.0,dairy-free ice cream roll,270.0,
49,9/9/2015,6,6,pastry,frangipane tart,120.0,12 flaounes,120.0,48 vol-au-vents,225.0,
50,9/16/2015,6,7,victorian,raised game pie,180.0,tennis cake,180.0,charlotte russe,330.0,
51,9/23/2015,6,8,pâtisserie,24 cream horns,210.0,9 mokatines,120.0,religieuse à l'ancienne,240.0,
52,9/30/2015,6,9,chocolate,chocolate tart,150.0,chocolate soufflé,75.0,chocolate centrepieces,240.0,
53,10/7/2015,6,10,final,16 iced buns,180.0,mille-feuille,120.0,classic british cake,240.0,2.0
54,8/24/2016,7,1,cake,drizzle cake,120.0,12 jaffa cakes,,mirror glaze cake,,2.0
55,8/31/2016,7,2,biscuit,24 iced biscuits,150.0,12 viennese whirls,90.0,gingerbread 3d scene,240.0,2.0
56,9/7/2016,7,3,bread,chocolate loaf,150.0,dampfnudel,120.0,savoury plaited centrepiece,240.0,
57,9/14/2016,7,4,batter,filled yorkshire puddings,120.0,12 heart-shaped lace pancakes,60.0,36 churros,180.0,
58,9/21/2016,7,5,pastry,24 breakfast pastries,210.0,bakewell tart,150.0,48 filo amuse-bouche,240.0,
59,9/28/2016,7,6,botanical,citrus meringue pie,120.0,2 herb fougasse,,three-tier flower cake,,
60,10/5/2016,7,7,desserts,family-sized roulade,90.0,marjolaine/dacquoise,180.0,24 mini mousse cakes,240.0,
61,10/12/2016,7,8,tudor,shaped savoury pie,180.0,12 jumbles,90.0,3d marchpane cake,210.0,
62,10/19/2016,7,9,pâtisserie,24 savoury palmiers,180.0,savarin,150.0,36 fondant fancies,270.0,
63,10/26/2016,7,10,final,meringue crowns,180.0,victoria sandwich (without a recipe),90.0,picnics,300.0,
64,8/29/2017,8,1,cake,fruity cake,120.0,12 chocolate mini rolls,120.0,illusion cake,240.0,2.0
65,9/5/2017,8,2,biscuit,24 sandwich biscuits,135.0,12 fortune cookies,120.0,biscuit board games,210.0,2.0
66,9/12/2017,8,3,bread,12 teacakes,165.0,cottage loaf,150.0,multicoloured bread sculpture,270.0,1.0
67,9/19/2017,8,4,caramel,18 millionaire shortbreads,135.0,12 stroopwafels,105.0,caramel cake,210.0,2.0
68,9/26/2017,8,5,pudding,steamed school pudding,180.0,6 molten chocolate puddings,60.0,ornamental trifle terrine,270.0,1.0
69,10/3/2017,8,6,pastry,4 shortcrust savoury pies,150.0,12 pastéis de nata,120.0,family-sized hand-raised pie,240.0,2.0
70,10/10/2017,8,7,italian,18 cannolis,150.0,pizza margherita,90.0,24 sfogliatelles,270.0,2.0
71,10/17/2017,8,8,forgotten bakes,4 bedfordshire clangers,120.0,cumberland rum nicky,90.0,victorian savoy cake,240.0,1.0
72,10/24/2017,8,9,pâtisserie,24 choux buns,150.0,9 les misérables slices,180.0,meringue centrepiece,285.0,
73,10/31/2017,8,10,final,12 small loaves,180.0,10 ginger biscuits,150.0,large entremet,300.0,2.0
74,8/28/2018,9,1,biscuit,24 regional biscuits,120.0,8 wagon wheels,135.0,3d biscuit self-portrait,240.0,3.0
75,9/4/2018,9,2,cake,16 traybakes,120.0,le gateau vert,135.0,chocolate collar cake,240.0,
76,9/11/2018,9,3,bread,12 chelsea buns,180.0,8 non-yeasted garlic naan,60.0,korovai,300.0,
77,9/18/2018,9,4,desserts,meringue roulade,105.0,raspberry blancmange with 12 langues du chat biscuits,150.0,melting chocolate ball dessert,180.0,1.0
78,9/25/2018,9,5,spice,ginger cake,120.0,12 ma'amoul,90.0,spiced biscuit chandelier,240.0,
79,10/2/2018,9,6,pastry,12 samosas,120.0,6 puits d'amour,120.0,shaped banquet pie,210.0,2.0
80,10/9/2018,9,7,vegan,8 savoury vegan tartlets,120.0,vegan tropical fruit pavlova,150.0,vegan celebratory cake,240.0,
81,10/16/2018,9,8,danish,2 smørrebrød,210.0,14 æbleskiver,60.0,kagemand/kagekone,270.0,1.0
82,10/23/2018,9,9,pâtisserie,24 madeleines,90.0,torta setteveli,270.0,parisian pâtisserie window,300.0,2.0
83,10/30/2018,9,10,final,12 iced doughnuts,180.0,6 campfire pita breads,90.0,landscape desert,270.0,2.0
84,8/27/2019,10,1,cake,fruit cake,150.0,6 angel cake slices,105.0,birthday cake,240.0,3.0
85,9/3/2019,10,2,biscuit,12 decorated chocolate biscuit bars,150.0,12 fig rolls,90.0,3d biscuit sculpture,240.0,2.0
86,9/10/2019,10,3,bread,tear & share loaf,180.0,8 white burger baps & 4 veggie burgers,150.0,decorative loaf display,300.0,2.0
87,9/17/2019,10,4,dairy,cultured dairy cake,,12 maids of honour,,display of mishti,,2.0
88,9/24/2019,10,5,the roaring twenties,4 custard pies,150.0,18 beignet soufflés,90.0,prohibition era cake,240.0,2.0
89,10/1/2019,10,6,desserts,layered meringue cake,165.0,6 verrines,150.0,celebratory bombe,270.0,3.0
90,10/8/2019,10,7,festival,24 festival buns,,12 sicilian cassatelles,,kek lapis sarawak,,
91,10/15/2019,10,8,pastry,savoury tarte tatin,,moroccan pie,,vertical pie,,
92,10/22/2019,10,9,pâtisserie,8 domed tarts,150.0,gâteau saint honoré,210.0,sugar glass display case,270.0,3.0
93,10/29/2019,10,10,final,ultimate chocolate cake,120.0,6 stilton soufflés,70.0,illusion picnic basket feast,270.0,3.0
94,9/22/2020,11,1,cake,battenberg cake,120.0,6 miniature pineapple upside-down cakes,90.0,celebrity hero cake bust,240.0,2.0
95,9/29/2020,11,2,biscuit,36 chocolate florentines,120.0,12 hand-shaped coconut macaroons,105.0,3d biscuit table setting,240.0,1.0
96,10/6/2020,11,3,bread,2 soda bread loaves,105.0,6 rainbow-coloured bagels,165.0,large bread plaque,210.0,2.0
97,10/13/2020,11,4,chocolate,18 chocolate brownies,90.0,chocolate babka,150.0,white chocolate celebration cake,240.0,2.0
98,10/20/2020,11,5,pastry,8 pasties,120.0,3 raspberry éclairs & 3 salted caramel éclairs,135.0,caged tart,225.0,
99,10/27/2020,11,6,japanese,8 steamed buns,150.0,matcha crepe cake,120.0,kawaii cake,240.0,
100,11/3/2020,11,7,the '80s,8 quiches,,6 custard & jam finger doughnuts,,ice cream cake,,
101,11/10/2020,11,8,desserts,12 mini cheesecakes,150.0,2 sussex pond puddings,150.0,jelly art design cake,270.0,1.0
102,11/17/2020,11,9,pâtisserie,12 pâte à savarin,165.0,danish kransekake cornucopia cake,135.0,25 mini cube-shaped cakes,270.0,
103,11/24/2020,11,10,final,8 custard slices,150.0,8 walnut whirls,120.0,colossal dessert tower,270.0,3.0
104,9/21/2021,12,1,cake,12 mini swill rolls,120.0,malt loaf,120.0,anti-gravity illusion cake,240.0,1.0
105,9/28/2021,12,2,biscuit,24 brandy snaps,120.0,12 sandwiched jammy biscuits,105.0,3d childhood toy,,2.0
106,10/5/2021,12,3,bread,focaccia,165.0,15 cheese and olive ciabatta breadsticks,120.0,themed milk bread display,270.0,2.0
107,10/12/2021,12,4,desserts,pavlova,165.0,4 sticky toffee puddings,90.0,joconde imprime dessert,270.0,2.0
108,10/19/2021,12,5,german,24 german biscuits,135.0,prinzregententorte,165.0,yeast leavened cake,270.0,3.0
109,10/26/2021,12,6,pastry,chouxnuts,,large baklava,165.0,terrine pie,270.0,3.0
110,11/2/2021,12,7,caramel,caramel tart,150.0,10 caramel biscuit bars,90.0,domed or sphered caramel dessert,270.0,3.0
111,11/9/2021,12,8,free-from,8 dairy-free ice cream sandwiches,180.0,8 vegan sausage rolls,120.0,gluten-free celebration cake,270.0,2.0
112,11/16/2021,12,9,pâtisserie,8 pâtisserie-style layered slices,180.0,8 pâtisserie-style layered slices,165.0,themed banquet display,300.0,
113,11/23/2021,12,10,final,carrot cake,135.0,12 belgian buns,150.0,mad hatter tea party display,270.0,1.0
114,9/13/2022,13,1,cake,12 mini sandwich cakes,120.0,red velvet cake,120.0,3d cake home,240.0,2.0
115,9/20/2022,13,2,biscuit,18 decorative macarons,120.0,12 garibaldi biscuits,105.0,3d biscuit mask,240.0,1.0
116,9/27/2022,13,3,bread,2 pizzas,120.0,pain aux raisins,165.0,smörgåstårta,270.0,2.0
117,10/4/2022,13,4,mexican,12 pan dulce,150.0,steak tacos,120.0,tres leches cake,240.0,
118,10/11/2022,13,5,desserts,8 steamed puddings,120.0,lemon meringue pie,120.0,hidden surprise mousse dessert,270.0,2.0
119,10/18/2022,13,6,halloween,apple cake,120.0,s'mores,120.0,edible hanging halloween piñata lantern,240.0,2.0
120,10/25/2022,13,7,custard,floating islands,90.0,pistachio and praline ice cream,165.0,custard gâteau,240.0,2.0
121,11/1/2022,13,8,pastry,12 sweet vol-au-vents,120.0,spring rolls,80.0,3d storybook pie scene,240.0,2.0
122,11/8/2022,13,9,pâtisserie,mini charlottes,150.0,"chocolate, hazelnut, & raspberry vertical tarts",120.0,krokan,240.0,3.0
123,11/15/2022,13,10,final,seasonal picnic,180.0,summer pudding bomb,120.0,large planet themed edible sculpture,270.0,
124,9/26/2023,14,1,cake,vertical layer cake,,the signature chocolate cake with fresh raspberries,120.0,3d shaped animal cake,240.0,2.0
125,10/3/2023,14,2,biscuits,12 marshmallow biscuits,,12 custard creams,90.0,illusion biscuit meal,240.0,1.0
126,10/10/2023,14,3,bread,cottage loaf,120.0,8 devonshire splits,,plaited centrepiece loaf,,2.0
127,10/18/2023,14,4,chocolate,chocolate torte,,6 white chocolate and blackberry cheesecakes,,edible chocolate box cake,,2.0
128,10/24/2023,14,5,pastry,savoury picnic pie,,dauphinoise pithivier,165.0,decorative sweet pie display,,
129,10/31/2023,14,6,botanical,12 individual spiced buns,165.0,lemon and thyme drizzle cake,90.0,floral dessert,240.0,
130,11/7/2023,14,7,desserts,8 creme caramels,165.0,orange and ginger treacle puddings,90.0,meringue bombe,,2.0
131,11/14/2023,14,8,party,12 sausage rolls,150.0,caterpiller cake,150.0,anything but beige buffet,270.0,2.0
132,11/21/2023,14,9,patisserie,24 financiers,120.0,tart aux pommes,150.0,millefoglie,240.0,2.0
133,11/28/2023,14,10,final,8 éclairs,135.0,9 lardy cake slices,180.0,tiered celebration cake,270.0,2.0
